file,line,type,commit,author,date,time,timezone,datetime,depth,length
style.css,1,css,d6efd8c0,Zhenhan Hu,2025-01-24,22:22:45,-08:00,2025-01-24T22:22:45-08:00,0,6
style.css,2,css,d6efd8c0,Zhenhan Hu,2025-01-24,22:22:45,-08:00,2025-01-24T22:22:45-08:00,0,32
style.css,3,css,79a983c6,Zhenhan Hu,2025-01-25,01:03:41,-08:00,2025-01-25T01:03:41-08:00,0,40
style.css,4,css,d6efd8c0,Zhenhan Hu,2025-01-24,22:22:45,-08:00,2025-01-24T22:22:45-08:00,0,0
style.css,5,css,d6efd8c0,Zhenhan Hu,2025-01-24,22:22:45,-08:00,2025-01-24T22:22:45-08:00,0,0
style.css,6,css,3cf5d36a,Zhenhan Hu,2025-01-18,18:08:46,-08:00,2025-01-18T18:08:46-08:00,0,15
style.css,7,css,a9c06406,Zhenhan Hu,2025-01-10,06:55:15,-08:00,2025-01-10T06:55:15-08:00,0,5
style.css,8,css,a9c06406,Zhenhan Hu,2025-01-10,06:55:15,-08:00,2025-01-10T06:55:15-08:00,0,24
style.css,9,css,201f5871,Zhenhan Hu,2025-01-18,16:23:25,-08:00,2025-01-18T16:23:25-08:00,0,16
style.css,10,css,201f5871,Zhenhan Hu,2025-01-18,16:23:25,-08:00,2025-01-18T16:23:25-08:00,0,43
style.css,11,css,201f5871,Zhenhan Hu,2025-01-18,16:23:25,-08:00,2025-01-18T16:23:25-08:00,0,13
style.css,12,css,d6efd8c0,Zhenhan Hu,2025-01-24,22:22:45,-08:00,2025-01-24T22:22:45-08:00,0,0
style.css,13,css,201f5871,Zhenhan Hu,2025-01-18,16:23:25,-08:00,2025-01-18T16:23:25-08:00,0,0
style.css,14,css,d6efd8c0,Zhenhan Hu,2025-01-24,22:22:45,-08:00,2025-01-24T22:22:45-08:00,0,5
style.css,15,css,d6efd8c0,Zhenhan Hu,2025-01-24,22:22:45,-08:00,2025-01-24T22:22:45-08:00,0,24
style.css,16,css,3cf5d36a,Zhenhan Hu,2025-01-18,18:08:46,-08:00,2025-01-18T18:08:46-08:00,0,0
style.css,17,css,3cf5d36a,Zhenhan Hu,2025-01-18,18:08:46,-08:00,2025-01-18T18:08:46-08:00,0,0
style.css,18,css,d6efd8c0,Zhenhan Hu,2025-01-24,22:22:45,-08:00,2025-01-24T22:22:45-08:00,0,3
style.css,19,css,d6efd8c0,Zhenhan Hu,2025-01-24,22:22:45,-08:00,2025-01-24T22:22:45-08:00,0,15
style.css,20,css,3cf5d36a,Zhenhan Hu,2025-01-18,18:08:46,-08:00,2025-01-18T18:08:46-08:00,0,0
style.css,21,css,3cf5d36a,Zhenhan Hu,2025-01-18,18:08:46,-08:00,2025-01-18T18:08:46-08:00,0,0
style.css,22,css,0f7d041c,Zhenhan Hu,2025-01-31,22:47:53,-08:00,2025-01-31T22:47:53-08:00,0,3
style.css,23,css,0f7d041c,Zhenhan Hu,2025-01-31,22:47:53,-08:00,2025-01-31T22:47:53-08:00,0,15
style.css,24,css,0f7d041c,Zhenhan Hu,2025-01-31,22:47:53,-08:00,2025-01-31T22:47:53-08:00,0,0
style.css,25,css,0f7d041c,Zhenhan Hu,2025-01-31,22:47:53,-08:00,2025-01-31T22:47:53-08:00,0,0
style.css,26,css,3cf5d36a,Zhenhan Hu,2025-01-18,18:08:46,-08:00,2025-01-18T18:08:46-08:00,0,23
style.css,27,css,3cf5d36a,Zhenhan Hu,2025-01-18,18:08:46,-08:00,2025-01-18T18:08:46-08:00,0,16
style.css,28,css,3cf5d36a,Zhenhan Hu,2025-01-18,18:08:46,-08:00,2025-01-18T18:08:46-08:00,0,18
style.css,29,css,3cf5d36a,Zhenhan Hu,2025-01-18,18:08:46,-08:00,2025-01-18T18:08:46-08:00,0,0
style.css,30,css,3cf5d36a,Zhenhan Hu,2025-01-18,18:08:46,-08:00,2025-01-18T18:08:46-08:00,0,0
style.css,31,css,201f5871,Zhenhan Hu,2025-01-18,16:23:25,-08:00,2025-01-18T16:23:25-08:00,0,19
style.css,32,css,201f5871,Zhenhan Hu,2025-01-18,16:23:25,-08:00,2025-01-18T16:23:25-08:00,0,4
style.css,33,css,201f5871,Zhenhan Hu,2025-01-18,16:23:25,-08:00,2025-01-18T16:23:25-08:00,0,13
style.css,34,css,201f5871,Zhenhan Hu,2025-01-18,16:23:25,-08:00,2025-01-18T16:23:25-08:00,0,30
style.css,35,css,201f5871,Zhenhan Hu,2025-01-18,16:23:25,-08:00,2025-01-18T16:23:25-08:00,0,20
style.css,36,css,79a983c6,Zhenhan Hu,2025-01-25,01:03:41,-08:00,2025-01-25T01:03:41-08:00,0,9
style.css,37,css,0f7d041c,Zhenhan Hu,2025-01-31,22:47:53,-08:00,2025-01-31T22:47:53-08:00,0,15
style.css,38,css,201f5871,Zhenhan Hu,2025-01-18,16:23:25,-08:00,2025-01-18T16:23:25-08:00,0,0
style.css,39,css,201f5871,Zhenhan Hu,2025-01-18,16:23:25,-08:00,2025-01-18T16:23:25-08:00,0,0
style.css,40,css,201f5871,Zhenhan Hu,2025-01-18,16:23:25,-08:00,2025-01-18T16:23:25-08:00,0,6
style.css,41,css,201f5871,Zhenhan Hu,2025-01-18,16:23:25,-08:00,2025-01-18T16:23:25-08:00,0,21
style.css,42,css,201f5871,Zhenhan Hu,2025-01-18,16:23:25,-08:00,2025-01-18T16:23:25-08:00,0,14
style.css,43,css,201f5871,Zhenhan Hu,2025-01-18,16:23:25,-08:00,2025-01-18T16:23:25-08:00,0,18
style.css,44,css,201f5871,Zhenhan Hu,2025-01-18,16:23:25,-08:00,2025-01-18T16:23:25-08:00,0,14
style.css,45,css,201f5871,Zhenhan Hu,2025-01-18,16:23:25,-08:00,2025-01-18T16:23:25-08:00,0,20
style.css,46,css,d6efd8c0,Zhenhan Hu,2025-01-24,22:22:45,-08:00,2025-01-24T22:22:45-08:00,0,44
style.css,47,css,fb58ccb6,Zhenhan Hu,2025-01-18,17:41:55,-08:00,2025-01-18T17:41:55-08:00,0,0
style.css,48,css,fb58ccb6,Zhenhan Hu,2025-01-18,17:41:55,-08:00,2025-01-18T17:41:55-08:00,0,0
style.css,49,css,201f5871,Zhenhan Hu,2025-01-18,16:23:25,-08:00,2025-01-18T16:23:25-08:00,0,14
style.css,50,css,d6efd8c0,Zhenhan Hu,2025-01-24,22:22:45,-08:00,2025-01-24T22:22:45-08:00,0,46
style.css,51,css,201f5871,Zhenhan Hu,2025-01-18,16:23:25,-08:00,2025-01-18T16:23:25-08:00,0,21
style.css,52,css,201f5871,Zhenhan Hu,2025-01-18,16:23:25,-08:00,2025-01-18T16:23:25-08:00,0,0
style.css,53,css,201f5871,Zhenhan Hu,2025-01-18,16:23:25,-08:00,2025-01-18T16:23:25-08:00,0,0
style.css,54,css,201f5871,Zhenhan Hu,2025-01-18,16:23:25,-08:00,2025-01-18T16:23:25-08:00,0,12
style.css,55,css,d6efd8c0,Zhenhan Hu,2025-01-24,22:22:45,-08:00,2025-01-24T22:22:45-08:00,0,70
style.css,56,css,d6efd8c0,Zhenhan Hu,2025-01-24,22:22:45,-08:00,2025-01-24T22:22:45-08:00,0,46
style.css,57,css,d6efd8c0,Zhenhan Hu,2025-01-24,22:22:45,-08:00,2025-01-24T22:22:45-08:00,0,0
style.css,58,css,d6efd8c0,Zhenhan Hu,2025-01-24,22:22:45,-08:00,2025-01-24T22:22:45-08:00,0,0
style.css,59,css,d6efd8c0,Zhenhan Hu,2025-01-24,22:22:45,-08:00,2025-01-24T22:22:45-08:00,0,10
style.css,60,css,d6efd8c0,Zhenhan Hu,2025-01-24,22:22:45,-08:00,2025-01-24T22:22:45-08:00,0,2
style.css,61,css,d6efd8c0,Zhenhan Hu,2025-01-24,22:22:45,-08:00,2025-01-24T22:22:45-08:00,0,26
style.css,62,css,d6efd8c0,Zhenhan Hu,2025-01-24,22:22:45,-08:00,2025-01-24T22:22:45-08:00,0,21
style.css,63,css,d6efd8c0,Zhenhan Hu,2025-01-24,22:22:45,-08:00,2025-01-24T22:22:45-08:00,0,0
style.css,64,css,d6efd8c0,Zhenhan Hu,2025-01-24,22:22:45,-08:00,2025-01-24T22:22:45-08:00,0,0
style.css,65,css,d6efd8c0,Zhenhan Hu,2025-01-24,22:22:45,-08:00,2025-01-24T22:22:45-08:00,0,17
style.css,66,css,d6efd8c0,Zhenhan Hu,2025-01-24,22:22:45,-08:00,2025-01-24T22:22:45-08:00,0,14
style.css,67,css,0158b8f5,Zhenhan Hu,2025-01-25,00:18:15,-08:00,2025-01-25T00:18:15-08:00,0,18
style.css,68,css,0158b8f5,Zhenhan Hu,2025-01-25,00:18:15,-08:00,2025-01-25T00:18:15-08:00,0,13
style.css,69,css,d6efd8c0,Zhenhan Hu,2025-01-24,22:22:45,-08:00,2025-01-24T22:22:45-08:00,0,9
style.css,70,css,d6efd8c0,Zhenhan Hu,2025-01-24,22:22:45,-08:00,2025-01-24T22:22:45-08:00,0,11
style.css,71,css,d6efd8c0,Zhenhan Hu,2025-01-24,22:22:45,-08:00,2025-01-24T22:22:45-08:00,0,20
style.css,72,css,d6efd8c0,Zhenhan Hu,2025-01-24,22:22:45,-08:00,2025-01-24T22:22:45-08:00,0,0
style.css,73,css,d6efd8c0,Zhenhan Hu,2025-01-24,22:22:45,-08:00,2025-01-24T22:22:45-08:00,0,0
style.css,74,css,0158b8f5,Zhenhan Hu,2025-01-25,00:18:15,-08:00,2025-01-25T00:18:15-08:00,0,21
style.css,75,css,0158b8f5,Zhenhan Hu,2025-01-25,00:18:15,-08:00,2025-01-25T00:18:15-08:00,0,19
style.css,76,css,0158b8f5,Zhenhan Hu,2025-01-25,00:18:15,-08:00,2025-01-25T00:18:15-08:00,0,15
style.css,77,css,0158b8f5,Zhenhan Hu,2025-01-25,00:18:15,-08:00,2025-01-25T00:18:15-08:00,0,0
style.css,78,css,0158b8f5,Zhenhan Hu,2025-01-25,00:18:15,-08:00,2025-01-25T00:18:15-08:00,0,0
style.css,79,css,d6efd8c0,Zhenhan Hu,2025-01-24,22:22:45,-08:00,2025-01-24T22:22:45-08:00,0,10
style.css,80,css,d6efd8c0,Zhenhan Hu,2025-01-24,22:22:45,-08:00,2025-01-24T22:22:45-08:00,0,4
style.css,81,css,d6efd8c0,Zhenhan Hu,2025-01-24,22:22:45,-08:00,2025-01-24T22:22:45-08:00,0,16
style.css,82,css,d6efd8c0,Zhenhan Hu,2025-01-24,22:22:45,-08:00,2025-01-24T22:22:45-08:00,0,12
style.css,83,css,d6efd8c0,Zhenhan Hu,2025-01-24,22:22:45,-08:00,2025-01-24T22:22:45-08:00,0,19
style.css,84,css,201f5871,Zhenhan Hu,2025-01-18,16:23:25,-08:00,2025-01-18T16:23:25-08:00,0,0
style.css,85,css,201f5871,Zhenhan Hu,2025-01-18,16:23:25,-08:00,2025-01-18T16:23:25-08:00,0,0
style.css,86,css,201f5871,Zhenhan Hu,2025-01-18,16:23:25,-08:00,2025-01-18T16:23:25-08:00,0,17
style.css,87,css,d59641cd,Zhenhan Hu,2025-01-25,00:37:05,-08:00,2025-01-25T00:37:05-08:00,0,24
style.css,88,css,fb58ccb6,Zhenhan Hu,2025-01-18,17:41:55,-08:00,2025-01-18T17:41:55-08:00,0,13
style.css,89,css,fb58ccb6,Zhenhan Hu,2025-01-18,17:41:55,-08:00,2025-01-18T17:41:55-08:00,0,14
style.css,90,css,d59641cd,Zhenhan Hu,2025-01-25,00:37:05,-08:00,2025-01-25T00:37:05-08:00,0,11
style.css,91,css,fb58ccb6,Zhenhan Hu,2025-01-18,17:41:55,-08:00,2025-01-18T17:41:55-08:00,0,22
style.css,92,css,201f5871,Zhenhan Hu,2025-01-18,16:23:25,-08:00,2025-01-18T16:23:25-08:00,0,0
style.css,93,css,201f5871,Zhenhan Hu,2025-01-18,16:23:25,-08:00,2025-01-18T16:23:25-08:00,0,0
style.css,94,css,201f5871,Zhenhan Hu,2025-01-18,16:23:25,-08:00,2025-01-18T16:23:25-08:00,0,6
style.css,95,css,201f5871,Zhenhan Hu,2025-01-18,16:23:25,-08:00,2025-01-18T16:23:25-08:00,0,20
style.css,96,css,201f5871,Zhenhan Hu,2025-01-18,16:23:25,-08:00,2025-01-18T16:23:25-08:00,0,0
style.css,97,css,201f5871,Zhenhan Hu,2025-01-18,16:23:25,-08:00,2025-01-18T16:23:25-08:00,0,0
style.css,98,css,fb58ccb6,Zhenhan Hu,2025-01-18,17:41:55,-08:00,2025-01-18T17:41:55-08:00,0,5
style.css,99,css,fb58ccb6,Zhenhan Hu,2025-01-18,17:41:55,-08:00,2025-01-18T17:41:55-08:00,0,13
style.css,100,css,fb58ccb6,Zhenhan Hu,2025-01-18,17:41:55,-08:00,2025-01-18T17:41:55-08:00,0,31
style.css,101,css,fb58ccb6,Zhenhan Hu,2025-01-18,17:41:55,-08:00,2025-01-18T17:41:55-08:00,0,9
style.css,102,css,201f5871,Zhenhan Hu,2025-01-18,16:23:25,-08:00,2025-01-18T16:23:25-08:00,0,0
style.css,103,css,201f5871,Zhenhan Hu,2025-01-18,16:23:25,-08:00,2025-01-18T16:23:25-08:00,0,0
style.css,104,css,201f5871,Zhenhan Hu,2025-01-18,16:23:25,-08:00,2025-01-18T16:23:25-08:00,0,7
style.css,105,css,fb58ccb6,Zhenhan Hu,2025-01-18,17:41:55,-08:00,2025-01-18T17:41:55-08:00,0,19
style.css,106,css,201f5871,Zhenhan Hu,2025-01-18,16:23:25,-08:00,2025-01-18T16:23:25-08:00,0,34
style.css,107,css,201f5871,Zhenhan Hu,2025-01-18,16:23:25,-08:00,2025-01-18T16:23:25-08:00,0,12
style.css,108,css,201f5871,Zhenhan Hu,2025-01-18,16:23:25,-08:00,2025-01-18T16:23:25-08:00,0,12
style.css,109,css,fb58ccb6,Zhenhan Hu,2025-01-18,17:41:55,-08:00,2025-01-18T17:41:55-08:00,0,15
style.css,110,css,201f5871,Zhenhan Hu,2025-01-18,16:23:25,-08:00,2025-01-18T16:23:25-08:00,0,17
style.css,111,css,fb58ccb6,Zhenhan Hu,2025-01-18,17:41:55,-08:00,2025-01-18T17:41:55-08:00,0,15
style.css,112,css,201f5871,Zhenhan Hu,2025-01-18,16:23:25,-08:00,2025-01-18T16:23:25-08:00,0,0
style.css,113,css,fb58ccb6,Zhenhan Hu,2025-01-18,17:41:55,-08:00,2025-01-18T17:41:55-08:00,0,0
style.css,114,css,fb58ccb6,Zhenhan Hu,2025-01-18,17:41:55,-08:00,2025-01-18T17:41:55-08:00,0,12
style.css,115,css,fb58ccb6,Zhenhan Hu,2025-01-18,17:41:55,-08:00,2025-01-18T17:41:55-08:00,0,10
style.css,116,css,fb58ccb6,Zhenhan Hu,2025-01-18,17:41:55,-08:00,2025-01-18T17:41:55-08:00,0,13
style.css,117,css,fb58ccb6,Zhenhan Hu,2025-01-18,17:41:55,-08:00,2025-01-18T17:41:55-08:00,0,59
style.css,118,css,fb58ccb6,Zhenhan Hu,2025-01-18,17:41:55,-08:00,2025-01-18T17:41:55-08:00,0,0
style.css,119,css,fb58ccb6,Zhenhan Hu,2025-01-18,17:41:55,-08:00,2025-01-18T17:41:55-08:00,0,0
style.css,120,css,fb58ccb6,Zhenhan Hu,2025-01-18,17:41:55,-08:00,2025-01-18T17:41:55-08:00,0,8
style.css,121,css,fb58ccb6,Zhenhan Hu,2025-01-18,17:41:55,-08:00,2025-01-18T17:41:55-08:00,0,13
style.css,122,css,fb58ccb6,Zhenhan Hu,2025-01-18,17:41:55,-08:00,2025-01-18T17:41:55-08:00,0,27
style.css,123,css,0f7d041c,Zhenhan Hu,2025-01-31,22:47:53,-08:00,2025-01-31T22:47:53-08:00,0,16
style.css,124,css,0f7d041c,Zhenhan Hu,2025-01-31,22:47:53,-08:00,2025-01-31T22:47:53-08:00,0,11
style.css,125,css,fb58ccb6,Zhenhan Hu,2025-01-18,17:41:55,-08:00,2025-01-18T17:41:55-08:00,0,0
style.css,126,css,fb58ccb6,Zhenhan Hu,2025-01-18,17:41:55,-08:00,2025-01-18T17:41:55-08:00,0,0
style.css,127,css,3cf5d36a,Zhenhan Hu,2025-01-18,18:08:46,-08:00,2025-01-18T18:08:46-08:00,0,11
style.css,128,css,3cf5d36a,Zhenhan Hu,2025-01-18,18:08:46,-08:00,2025-01-18T18:08:46-08:00,0,5
style.css,129,css,d59641cd,Zhenhan Hu,2025-01-25,00:37:05,-08:00,2025-01-25T00:37:05-08:00,0,17
style.css,130,css,3cf5d36a,Zhenhan Hu,2025-01-18,18:08:46,-08:00,2025-01-18T18:08:46-08:00,0,13
style.css,131,css,3cf5d36a,Zhenhan Hu,2025-01-18,18:08:46,-08:00,2025-01-18T18:08:46-08:00,0,13
style.css,132,css,3cf5d36a,Zhenhan Hu,2025-01-18,18:08:46,-08:00,2025-01-18T18:08:46-08:00,0,9
style.css,133,css,fb58ccb6,Zhenhan Hu,2025-01-18,17:41:55,-08:00,2025-01-18T17:41:55-08:00,0,0
style.css,134,css,fb58ccb6,Zhenhan Hu,2025-01-18,17:41:55,-08:00,2025-01-18T17:41:55-08:00,0,0
style.css,135,css,3cf5d36a,Zhenhan Hu,2025-01-18,18:08:46,-08:00,2025-01-18T18:08:46-08:00,0,8
style.css,136,css,3cf5d36a,Zhenhan Hu,2025-01-18,18:08:46,-08:00,2025-01-18T18:08:46-08:00,0,13
style.css,137,css,3cf5d36a,Zhenhan Hu,2025-01-18,18:08:46,-08:00,2025-01-18T18:08:46-08:00,0,22
style.css,138,css,3cf5d36a,Zhenhan Hu,2025-01-18,18:08:46,-08:00,2025-01-18T18:08:46-08:00,0,18
style.css,139,css,79a983c6,Zhenhan Hu,2025-01-25,01:03:41,-08:00,2025-01-25T01:03:41-08:00,0,24
style.css,140,css,79a983c6,Zhenhan Hu,2025-01-25,01:03:41,-08:00,2025-01-25T01:03:41-08:00,0,17
style.css,141,css,fb58ccb6,Zhenhan Hu,2025-01-18,17:41:55,-08:00,2025-01-18T17:41:55-08:00,0,0
style.css,142,css,fb58ccb6,Zhenhan Hu,2025-01-18,17:41:55,-08:00,2025-01-18T17:41:55-08:00,0,0
style.css,143,css,3cf5d36a,Zhenhan Hu,2025-01-18,18:08:46,-08:00,2025-01-18T18:08:46-08:00,0,5
style.css,144,css,3cf5d36a,Zhenhan Hu,2025-01-18,18:08:46,-08:00,2025-01-18T18:08:46-08:00,0,14
style.css,145,css,3cf5d36a,Zhenhan Hu,2025-01-18,18:08:46,-08:00,2025-01-18T18:08:46-08:00,0,18
style.css,146,css,3cf5d36a,Zhenhan Hu,2025-01-18,18:08:46,-08:00,2025-01-18T18:08:46-08:00,0,11
style.css,147,css,3cf5d36a,Zhenhan Hu,2025-01-18,18:08:46,-08:00,2025-01-18T18:08:46-08:00,0,18
style.css,148,css,0f7d041c,Zhenhan Hu,2025-01-31,22:47:53,-08:00,2025-01-31T22:47:53-08:00,0,0
style.css,149,css,0f7d041c,Zhenhan Hu,2025-01-31,22:47:53,-08:00,2025-01-31T22:47:53-08:00,0,0
style.css,150,css,ab91acbe,Zhenhan Hu,2025-02-13,03:35:16,-08:00,2025-02-13T03:35:16-08:00,0,26
style.css,151,css,0f7d041c,Zhenhan Hu,2025-01-31,22:47:53,-08:00,2025-01-31T22:47:53-08:00,0,15
style.css,152,css,0f7d041c,Zhenhan Hu,2025-01-31,22:47:53,-08:00,2025-01-31T22:47:53-08:00,0,18
style.css,153,css,0f7d041c,Zhenhan Hu,2025-01-31,22:47:53,-08:00,2025-01-31T22:47:53-08:00,0,30
style.css,154,css,0f7d041c,Zhenhan Hu,2025-01-31,22:47:53,-08:00,2025-01-31T22:47:53-08:00,0,17
style.css,155,css,0f7d041c,Zhenhan Hu,2025-01-31,22:47:53,-08:00,2025-01-31T22:47:53-08:00,0,16
style.css,156,css,0f7d041c,Zhenhan Hu,2025-01-31,22:47:53,-08:00,2025-01-31T22:47:53-08:00,0,0
style.css,157,css,0f7d041c,Zhenhan Hu,2025-01-31,22:47:53,-08:00,2025-01-31T22:47:53-08:00,0,0
style.css,158,css,0f7d041c,Zhenhan Hu,2025-01-31,22:47:53,-08:00,2025-01-31T22:47:53-08:00,0,17
style.css,159,css,0f7d041c,Zhenhan Hu,2025-01-31,22:47:53,-08:00,2025-01-31T22:47:53-08:00,0,13
style.css,160,css,0f7d041c,Zhenhan Hu,2025-01-31,22:47:53,-08:00,2025-01-31T22:47:53-08:00,0,30
style.css,161,css,0f7d041c,Zhenhan Hu,2025-01-31,22:47:53,-08:00,2025-01-31T22:47:53-08:00,0,18
style.css,162,css,ab91acbe,Zhenhan Hu,2025-02-13,03:35:16,-08:00,2025-02-13T03:35:16-08:00,0,15
style.css,163,css,0f7d041c,Zhenhan Hu,2025-01-31,22:47:53,-08:00,2025-01-31T22:47:53-08:00,0,0
style.css,164,css,0f7d041c,Zhenhan Hu,2025-01-31,22:47:53,-08:00,2025-01-31T22:47:53-08:00,0,0
style.css,165,css,0f7d041c,Zhenhan Hu,2025-01-31,22:47:53,-08:00,2025-01-31T22:47:53-08:00,0,12
style.css,166,css,0f7d041c,Zhenhan Hu,2025-01-31,22:47:53,-08:00,2025-01-31T22:47:53-08:00,0,14
style.css,167,css,0f7d041c,Zhenhan Hu,2025-01-31,22:47:53,-08:00,2025-01-31T22:47:53-08:00,0,15
style.css,168,css,0f7d041c,Zhenhan Hu,2025-01-31,22:47:53,-08:00,2025-01-31T22:47:53-08:00,0,17
style.css,169,css,0f7d041c,Zhenhan Hu,2025-01-31,22:47:53,-08:00,2025-01-31T22:47:53-08:00,0,14
style.css,170,css,0f7d041c,Zhenhan Hu,2025-01-31,22:47:53,-08:00,2025-01-31T22:47:53-08:00,0,25
style.css,171,css,0f7d041c,Zhenhan Hu,2025-01-31,22:47:53,-08:00,2025-01-31T22:47:53-08:00,0,19
style.css,172,css,0f7d041c,Zhenhan Hu,2025-01-31,22:47:53,-08:00,2025-01-31T22:47:53-08:00,0,18
style.css,173,css,0f7d041c,Zhenhan Hu,2025-01-31,22:47:53,-08:00,2025-01-31T22:47:53-08:00,0,0
style.css,174,css,0f7d041c,Zhenhan Hu,2025-01-31,22:47:53,-08:00,2025-01-31T22:47:53-08:00,0,0
style.css,175,css,0f7d041c,Zhenhan Hu,2025-01-31,22:47:53,-08:00,2025-01-31T22:47:53-08:00,0,12
style.css,176,css,0f7d041c,Zhenhan Hu,2025-01-31,22:47:53,-08:00,2025-01-31T22:47:53-08:00,0,15
style.css,177,css,0f7d041c,Zhenhan Hu,2025-01-31,22:47:53,-08:00,2025-01-31T22:47:53-08:00,0,17
style.css,178,css,fb0a891c,Zhenhan Hu,2025-02-04,00:48:59,-08:00,2025-02-04T00:48:59-08:00,0,0
style.css,179,css,fb0a891c,Zhenhan Hu,2025-02-04,00:48:59,-08:00,2025-02-04T00:48:59-08:00,0,0
style.css,180,css,fb0a891c,Zhenhan Hu,2025-02-04,00:48:59,-08:00,2025-02-04T00:48:59-08:00,0,30
style.css,181,css,fb0a891c,Zhenhan Hu,2025-02-04,00:48:59,-08:00,2025-02-04T00:48:59-08:00,0,15
style.css,182,css,fb0a891c,Zhenhan Hu,2025-02-04,00:48:59,-08:00,2025-02-04T00:48:59-08:00,0,13
style.css,183,css,fb0a891c,Zhenhan Hu,2025-02-04,00:48:59,-08:00,2025-02-04T00:48:59-08:00,0,19
style.css,184,css,fb0a891c,Zhenhan Hu,2025-02-04,00:48:59,-08:00,2025-02-04T00:48:59-08:00,0,9
style.css,185,css,fb0a891c,Zhenhan Hu,2025-02-04,00:48:59,-08:00,2025-02-04T00:48:59-08:00,0,0
style.css,186,css,fb0a891c,Zhenhan Hu,2025-02-04,00:48:59,-08:00,2025-02-04T00:48:59-08:00,0,0
style.css,187,css,fb0a891c,Zhenhan Hu,2025-02-04,00:48:59,-08:00,2025-02-04T00:48:59-08:00,0,4
style.css,188,css,fb0a891c,Zhenhan Hu,2025-02-04,00:48:59,-08:00,2025-02-04T00:48:59-08:00,0,15
style.css,189,css,fb0a891c,Zhenhan Hu,2025-02-04,00:48:59,-08:00,2025-02-04T00:48:59-08:00,0,17
style.css,190,css,fb0a891c,Zhenhan Hu,2025-02-04,00:48:59,-08:00,2025-02-04T00:48:59-08:00,0,17
style.css,191,css,fb0a891c,Zhenhan Hu,2025-02-04,00:48:59,-08:00,2025-02-04T00:48:59-08:00,0,0
style.css,192,css,fb0a891c,Zhenhan Hu,2025-02-04,00:48:59,-08:00,2025-02-04T00:48:59-08:00,0,0
style.css,193,css,fb0a891c,Zhenhan Hu,2025-02-04,00:48:59,-08:00,2025-02-04T00:48:59-08:00,0,20
style.css,194,css,fb0a891c,Zhenhan Hu,2025-02-04,00:48:59,-08:00,2025-02-04T00:48:59-08:00,0,17
style.css,195,css,fb0a891c,Zhenhan Hu,2025-02-04,00:48:59,-08:00,2025-02-04T00:48:59-08:00,0,12
style.css,196,css,fb0a891c,Zhenhan Hu,2025-02-04,00:48:59,-08:00,2025-02-04T00:48:59-08:00,0,0
style.css,197,css,fb0a891c,Zhenhan Hu,2025-02-04,00:48:59,-08:00,2025-02-04T00:48:59-08:00,0,0
style.css,198,css,fb0a891c,Zhenhan Hu,2025-02-04,00:48:59,-08:00,2025-02-04T00:48:59-08:00,0,0
style.css,199,css,fb0a891c,Zhenhan Hu,2025-02-04,00:48:59,-08:00,2025-02-04T00:48:59-08:00,0,5
style.css,200,css,fb0a891c,Zhenhan Hu,2025-02-04,00:48:59,-08:00,2025-02-04T00:48:59-08:00,0,17
style.css,201,css,fb0a891c,Zhenhan Hu,2025-02-04,00:48:59,-08:00,2025-02-04T00:48:59-08:00,0,15
style.css,202,css,fb0a891c,Zhenhan Hu,2025-02-04,00:48:59,-08:00,2025-02-04T00:48:59-08:00,0,0
style.css,203,css,fb0a891c,Zhenhan Hu,2025-02-04,00:48:59,-08:00,2025-02-04T00:48:59-08:00,0,0
style.css,204,css,fb0a891c,Zhenhan Hu,2025-02-04,00:48:59,-08:00,2025-02-04T00:48:59-08:00,0,10
style.css,205,css,fb0a891c,Zhenhan Hu,2025-02-04,00:48:59,-08:00,2025-02-04T00:48:59-08:00,0,36
style.css,206,css,fb0a891c,Zhenhan Hu,2025-02-04,00:48:59,-08:00,2025-02-04T00:48:59-08:00,0,0
style.css,207,css,fb0a891c,Zhenhan Hu,2025-02-04,00:48:59,-08:00,2025-02-04T00:48:59-08:00,0,11
style.css,208,css,fb0a891c,Zhenhan Hu,2025-02-04,00:48:59,-08:00,2025-02-04T00:48:59-08:00,0,18
style.css,209,css,fb0a891c,Zhenhan Hu,2025-02-04,00:48:59,-08:00,2025-02-04T00:48:59-08:00,0,0
style.css,210,css,fb0a891c,Zhenhan Hu,2025-02-04,00:48:59,-08:00,2025-02-04T00:48:59-08:00,0,0
style.css,211,css,fb0a891c,Zhenhan Hu,2025-02-04,00:48:59,-08:00,2025-02-04T00:48:59-08:00,0,0
style.css,212,css,fb0a891c,Zhenhan Hu,2025-02-04,00:48:59,-08:00,2025-02-04T00:48:59-08:00,0,8
style.css,213,css,fb0a891c,Zhenhan Hu,2025-02-04,00:48:59,-08:00,2025-02-04T00:48:59-08:00,0,13
style.css,214,css,fb0a891c,Zhenhan Hu,2025-02-04,00:48:59,-08:00,2025-02-04T00:48:59-08:00,0,7
style.css,215,css,fb0a891c,Zhenhan Hu,2025-02-04,00:48:59,-08:00,2025-02-04T00:48:59-08:00,0,58
style.css,216,css,fb0a891c,Zhenhan Hu,2025-02-04,00:48:59,-08:00,2025-02-04T00:48:59-08:00,0,12
style.css,217,css,fb0a891c,Zhenhan Hu,2025-02-04,00:48:59,-08:00,2025-02-04T00:48:59-08:00,0,25
style.css,218,css,fb0a891c,Zhenhan Hu,2025-02-04,00:48:59,-08:00,2025-02-04T00:48:59-08:00,0,18
style.css,219,css,fb0a891c,Zhenhan Hu,2025-02-04,00:48:59,-08:00,2025-02-04T00:48:59-08:00,0,0
style.css,220,css,fb0a891c,Zhenhan Hu,2025-02-04,00:48:59,-08:00,2025-02-04T00:48:59-08:00,0,0
style.css,221,css,fb0a891c,Zhenhan Hu,2025-02-04,00:48:59,-08:00,2025-02-04T00:48:59-08:00,0,11
style.css,222,css,fb0a891c,Zhenhan Hu,2025-02-04,00:48:59,-08:00,2025-02-04T00:48:59-08:00,0,13
style.css,223,css,fb0a891c,Zhenhan Hu,2025-02-04,00:48:59,-08:00,2025-02-04T00:48:59-08:00,0,19
style.css,224,css,fb0a891c,Zhenhan Hu,2025-02-04,00:48:59,-08:00,2025-02-04T00:48:59-08:00,0,10
style.css,225,css,fb0a891c,Zhenhan Hu,2025-02-04,00:48:59,-08:00,2025-02-04T00:48:59-08:00,0,19
style.css,226,css,fb0a891c,Zhenhan Hu,2025-02-04,00:48:59,-08:00,2025-02-04T00:48:59-08:00,0,0
style.css,227,css,fb0a891c,Zhenhan Hu,2025-02-04,00:48:59,-08:00,2025-02-04T00:48:59-08:00,0,0
style.css,228,css,fb0a891c,Zhenhan Hu,2025-02-04,00:48:59,-08:00,2025-02-04T00:48:59-08:00,0,16
style.css,229,css,fb0a891c,Zhenhan Hu,2025-02-04,00:48:59,-08:00,2025-02-04T00:48:59-08:00,0,10
style.css,230,css,fb0a891c,Zhenhan Hu,2025-02-04,00:48:59,-08:00,2025-02-04T00:48:59-08:00,0,11
style.css,231,css,fb0a891c,Zhenhan Hu,2025-02-04,00:48:59,-08:00,2025-02-04T00:48:59-08:00,0,30
style.css,232,css,fb0a891c,Zhenhan Hu,2025-02-04,00:48:59,-08:00,2025-02-04T00:48:59-08:00,0,21
style.css,233,css,fb0a891c,Zhenhan Hu,2025-02-04,00:48:59,-08:00,2025-02-04T00:48:59-08:00,0,18
style.css,234,css,fb0a891c,Zhenhan Hu,2025-02-04,00:48:59,-08:00,2025-02-04T00:48:59-08:00,0,14
style.css,235,css,fb58ccb6,Zhenhan Hu,2025-01-18,17:41:55,-08:00,2025-01-18T17:41:55-08:00,0,0
index.js,1,js,0f7d041c,Zhenhan Hu,2025-01-31,22:47:53,-08:00,2025-01-31T22:47:53-08:00,0,49
index.js,2,js,0f7d041c,Zhenhan Hu,2025-01-31,22:47:53,-08:00,2025-01-31T22:47:53-08:00,0,72
index.js,3,js,0f7d041c,Zhenhan Hu,2025-01-31,22:47:53,-08:00,2025-01-31T22:47:53-08:00,0,0
index.js,4,js,0f7d041c,Zhenhan Hu,2025-01-31,22:47:53,-08:00,2025-01-31T22:47:53-08:00,0,55
index.js,5,js,0f7d041c,Zhenhan Hu,2025-01-31,22:47:53,-08:00,2025-01-31T22:47:53-08:00,0,43
index.js,6,js,0f7d041c,Zhenhan Hu,2025-01-31,22:47:53,-08:00,2025-01-31T22:47:53-08:00,0,61
index.js,7,js,893e3764,Zhenhan Hu,2025-01-31,23:09:09,-08:00,2025-01-31T23:09:09-08:00,0,0
index.js,8,js,893e3764,Zhenhan Hu,2025-01-31,23:09:09,-08:00,2025-01-31T23:09:09-08:00,0,16
index.js,9,js,893e3764,Zhenhan Hu,2025-01-31,23:09:09,-08:00,2025-01-31T23:09:09-08:00,0,33
index.js,10,js,893e3764,Zhenhan Hu,2025-01-31,23:09:09,-08:00,2025-01-31T23:09:09-08:00,0,75
index.js,11,js,893e3764,Zhenhan Hu,2025-01-31,23:09:09,-08:00,2025-01-31T23:09:09-08:00,0,7
index.js,12,js,893e3764,Zhenhan Hu,2025-01-31,23:09:09,-08:00,2025-01-31T23:09:09-08:00,0,55
index.js,13,js,893e3764,Zhenhan Hu,2025-01-31,23:09:09,-08:00,2025-01-31T23:09:09-08:00,0,0
index.js,14,js,0f7d041c,Zhenhan Hu,2025-01-31,22:47:53,-08:00,2025-01-31T22:47:53-08:00,0,0
index.js,15,js,0f7d041c,Zhenhan Hu,2025-01-31,22:47:53,-08:00,2025-01-31T22:47:53-08:00,0,53
index.js,16,js,0f7d041c,Zhenhan Hu,2025-01-31,22:47:53,-08:00,2025-01-31T22:47:53-08:00,0,23
index.js,17,js,0f7d041c,Zhenhan Hu,2025-01-31,22:47:53,-08:00,2025-01-31T22:47:53-08:00,0,61
index.js,18,js,0f7d041c,Zhenhan Hu,2025-01-31,22:47:53,-08:00,2025-01-31T22:47:53-08:00,0,18
index.js,19,js,0f7d041c,Zhenhan Hu,2025-01-31,22:47:53,-08:00,2025-01-31T22:47:53-08:00,0,25
index.js,20,js,0f7d041c,Zhenhan Hu,2025-01-31,22:47:53,-08:00,2025-01-31T22:47:53-08:00,0,23
index.js,21,js,0f7d041c,Zhenhan Hu,2025-01-31,22:47:53,-08:00,2025-01-31T22:47:53-08:00,0,28
index.js,22,js,0f7d041c,Zhenhan Hu,2025-01-31,22:47:53,-08:00,2025-01-31T22:47:53-08:00,0,17
index.js,23,js,0f7d041c,Zhenhan Hu,2025-01-31,22:47:53,-08:00,2025-01-31T22:47:53-08:00,0,40
index.js,24,js,0f7d041c,Zhenhan Hu,2025-01-31,22:47:53,-08:00,2025-01-31T22:47:53-08:00,0,54
index.js,25,js,0f7d041c,Zhenhan Hu,2025-01-31,22:47:53,-08:00,2025-01-31T22:47:53-08:00,0,5
index.js,26,js,0f7d041c,Zhenhan Hu,2025-01-31,22:47:53,-08:00,2025-01-31T22:47:53-08:00,0,17
index.js,27,js,0f7d041c,Zhenhan Hu,2025-01-31,22:47:53,-08:00,2025-01-31T22:47:53-08:00,0,40
index.js,28,js,0f7d041c,Zhenhan Hu,2025-01-31,22:47:53,-08:00,2025-01-31T22:47:53-08:00,0,54
index.js,29,js,0f7d041c,Zhenhan Hu,2025-01-31,22:47:53,-08:00,2025-01-31T22:47:53-08:00,0,5
index.js,30,js,0f7d041c,Zhenhan Hu,2025-01-31,22:47:53,-08:00,2025-01-31T22:47:53-08:00,0,17
index.js,31,js,0f7d041c,Zhenhan Hu,2025-01-31,22:47:53,-08:00,2025-01-31T22:47:53-08:00,0,43
index.js,32,js,0f7d041c,Zhenhan Hu,2025-01-31,22:47:53,-08:00,2025-01-31T22:47:53-08:00,0,57
index.js,33,js,0f7d041c,Zhenhan Hu,2025-01-31,22:47:53,-08:00,2025-01-31T22:47:53-08:00,0,5
index.js,34,js,0f7d041c,Zhenhan Hu,2025-01-31,22:47:53,-08:00,2025-01-31T22:47:53-08:00,0,17
index.js,35,js,0f7d041c,Zhenhan Hu,2025-01-31,22:47:53,-08:00,2025-01-31T22:47:53-08:00,0,43
index.js,36,js,0f7d041c,Zhenhan Hu,2025-01-31,22:47:53,-08:00,2025-01-31T22:47:53-08:00,0,57
index.js,37,js,0f7d041c,Zhenhan Hu,2025-01-31,22:47:53,-08:00,2025-01-31T22:47:53-08:00,0,5
index.js,38,js,0f7d041c,Zhenhan Hu,2025-01-31,22:47:53,-08:00,2025-01-31T22:47:53-08:00,0,5
index.js,39,js,0f7d041c,Zhenhan Hu,2025-01-31,22:47:53,-08:00,2025-01-31T22:47:53-08:00,0,1
index.js,40,js,0f7d041c,Zhenhan Hu,2025-01-31,22:47:53,-08:00,2025-01-31T22:47:53-08:00,0,0
index.html,1,html,29e1a7a2,Zhenhan Hu,2025-01-10,06:23:20,-08:00,2025-01-10T06:23:20-08:00,0,14
index.html,2,html,180ab8cd,Zhenhan Hu,2025-01-24,23:00:05,-08:00,2025-01-24T23:00:05-08:00,0,15
index.html,3,html,180ab8cd,Zhenhan Hu,2025-01-24,23:00:05,-08:00,2025-01-24T23:00:05-08:00,0,18
index.html,4,html,29e1a7a2,Zhenhan Hu,2025-01-10,06:23:20,-08:00,2025-01-10T06:23:20-08:00,0,5
index.html,5,html,29e1a7a2,Zhenhan Hu,2025-01-10,06:23:20,-08:00,2025-01-10T06:23:20-08:00,0,21
index.html,6,html,29e1a7a2,Zhenhan Hu,2025-01-10,06:23:20,-08:00,2025-01-10T06:23:20-08:00,0,69
index.html,7,html,7a353087,Zhenhan Hu,2025-01-25,01:34:52,-08:00,2025-01-25T01:34:52-08:00,0,25
index.html,8,html,a9c06406,Zhenhan Hu,2025-01-10,06:55:15,-08:00,2025-01-10T06:55:15-08:00,0,39
index.html,9,html,d6efd8c0,Zhenhan Hu,2025-01-24,22:22:45,-08:00,2025-01-24T22:22:45-08:00,0,48
index.html,10,html,0f7d041c,Zhenhan Hu,2025-01-31,22:47:53,-08:00,2025-01-31T22:47:53-08:00,0,47
index.html,11,html,7a353087,Zhenhan Hu,2025-01-25,01:34:52,-08:00,2025-01-25T01:34:52-08:00,0,62
index.html,12,html,29e1a7a2,Zhenhan Hu,2025-01-10,06:23:20,-08:00,2025-01-10T06:23:20-08:00,0,6
index.html,13,html,29e1a7a2,Zhenhan Hu,2025-01-10,06:23:20,-08:00,2025-01-10T06:23:20-08:00,0,5
index.html,14,html,201f5871,Zhenhan Hu,2025-01-18,16:23:25,-08:00,2025-01-18T16:23:25-08:00,0,18
index.html,15,html,201f5871,Zhenhan Hu,2025-01-18,16:23:25,-08:00,2025-01-18T16:23:25-08:00,0,44
index.html,16,html,0f7d041c,Zhenhan Hu,2025-01-31,22:47:53,-08:00,2025-01-31T22:47:53-08:00,0,2
index.html,17,html,0f7d041c,Zhenhan Hu,2025-01-31,22:47:53,-08:00,2025-01-31T22:47:53-08:00,0,35
index.html,18,html,201f5871,Zhenhan Hu,2025-01-18,16:23:25,-08:00,2025-01-18T16:23:25-08:00,0,53
index.html,19,html,201f5871,Zhenhan Hu,2025-01-18,16:23:25,-08:00,2025-01-18T16:23:25-08:00,0,48
index.html,20,html,201f5871,Zhenhan Hu,2025-01-18,16:23:25,-08:00,2025-01-18T16:23:25-08:00,0,3
index.html,21,html,0f7d041c,Zhenhan Hu,2025-01-31,22:47:53,-08:00,2025-01-31T22:47:53-08:00,0,51
index.html,22,html,0f7d041c,Zhenhan Hu,2025-01-31,22:47:53,-08:00,2025-01-31T22:47:53-08:00,0,23
index.html,23,html,0f7d041c,Zhenhan Hu,2025-01-31,22:47:53,-08:00,2025-01-31T22:47:53-08:00,0,27
index.html,24,html,0f7d041c,Zhenhan Hu,2025-01-31,22:47:53,-08:00,2025-01-31T22:47:53-08:00,0,29
index.html,25,html,29e1a7a2,Zhenhan Hu,2025-01-10,06:23:20,-08:00,2025-01-10T06:23:20-08:00,0,6
index.html,26,html,29e1a7a2,Zhenhan Hu,2025-01-10,06:23:20,-08:00,2025-01-10T06:23:20-08:00,0,6
global.js,1,js,d6efd8c0,Zhenhan Hu,2025-01-24,22:22:45,-08:00,2025-01-24T22:22:45-08:00,0,26
global.js,2,js,d6efd8c0,Zhenhan Hu,2025-01-24,22:22:45,-08:00,2025-01-24T22:22:45-08:00,0,0
global.js,3,js,d6efd8c0,Zhenhan Hu,2025-01-24,22:22:45,-08:00,2025-01-24T22:22:45-08:00,0,42
global.js,4,js,d6efd8c0,Zhenhan Hu,2025-01-24,22:22:45,-08:00,2025-01-24T22:22:45-08:00,0,53
global.js,5,js,d6efd8c0,Zhenhan Hu,2025-01-24,22:22:45,-08:00,2025-01-24T22:22:45-08:00,0,0
global.js,6,js,d6efd8c0,Zhenhan Hu,2025-01-24,22:22:45,-08:00,2025-01-24T22:22:45-08:00,0,0
global.js,7,js,afcaf952,Zhenhan Hu,2025-01-24,22:52:33,-08:00,2025-01-24T22:52:33-08:00,0,11
global.js,8,js,180ab8cd,Zhenhan Hu,2025-01-24,23:00:05,-08:00,2025-01-24T23:00:05-08:00,0,12
global.js,9,js,afcaf952,Zhenhan Hu,2025-01-24,22:52:33,-08:00,2025-01-24T22:52:33-08:00,0,26
global.js,10,js,afcaf952,Zhenhan Hu,2025-01-24,22:52:33,-08:00,2025-01-24T22:52:33-08:00,0,39
global.js,11,js,afcaf952,Zhenhan Hu,2025-01-24,22:52:33,-08:00,2025-01-24T22:52:33-08:00,0,35
global.js,12,js,afcaf952,Zhenhan Hu,2025-01-24,22:52:33,-08:00,2025-01-24T22:52:33-08:00,0,37
global.js,13,js,ab91acbe,Zhenhan Hu,2025-02-13,03:35:16,-08:00,2025-02-13T03:35:16-08:00,0,31
global.js,14,js,b8486d3e,Zhenhan Hu,2025-01-24,22:45:03,-08:00,2025-01-24T22:45:03-08:00,0,55
global.js,15,js,b8486d3e,Zhenhan Hu,2025-01-24,22:45:03,-08:00,2025-01-24T22:45:03-08:00,0,1
global.js,16,js,b8486d3e,Zhenhan Hu,2025-01-24,22:45:03,-08:00,2025-01-24T22:45:03-08:00,0,0
global.js,17,js,00440888,Zhenhan Hu,2025-01-31,23:02:49,-08:00,2025-01-31T23:02:49-08:00,0,39
global.js,18,js,00440888,Zhenhan Hu,2025-01-31,23:02:49,-08:00,2025-01-31T23:02:49-08:00,0,26
global.js,19,js,00440888,Zhenhan Hu,2025-01-31,23:02:49,-08:00,2025-01-31T23:02:49-08:00,0,0
global.js,20,js,d6efd8c0,Zhenhan Hu,2025-01-24,22:22:45,-08:00,2025-01-24T22:22:45-08:00,0,21
global.js,21,js,d6efd8c0,Zhenhan Hu,2025-01-24,22:22:45,-08:00,2025-01-24T22:22:45-08:00,0,15
global.js,22,js,d6efd8c0,Zhenhan Hu,2025-01-24,22:22:45,-08:00,2025-01-24T22:22:45-08:00,0,19
global.js,23,js,d6efd8c0,Zhenhan Hu,2025-01-24,22:22:45,-08:00,2025-01-24T22:22:45-08:00,0,20
global.js,24,js,d6efd8c0,Zhenhan Hu,2025-01-24,22:22:45,-08:00,2025-01-24T22:22:45-08:00,0,71
global.js,25,js,d6efd8c0,Zhenhan Hu,2025-01-24,22:22:45,-08:00,2025-01-24T22:22:45-08:00,0,65
global.js,26,js,d6efd8c0,Zhenhan Hu,2025-01-24,22:22:45,-08:00,2025-01-24T22:22:45-08:00,0,0
global.js,27,js,d6efd8c0,Zhenhan Hu,2025-01-24,22:22:45,-08:00,2025-01-24T22:22:45-08:00,0,13
global.js,28,js,d6efd8c0,Zhenhan Hu,2025-01-24,22:22:45,-08:00,2025-01-24T22:22:45-08:00,0,35
global.js,29,js,d6efd8c0,Zhenhan Hu,2025-01-24,22:22:45,-08:00,2025-01-24T22:22:45-08:00,0,12
global.js,30,js,d6efd8c0,Zhenhan Hu,2025-01-24,22:22:45,-08:00,2025-01-24T22:22:45-08:00,0,21
global.js,31,js,d6efd8c0,Zhenhan Hu,2025-01-24,22:22:45,-08:00,2025-01-24T22:22:45-08:00,0,0
global.js,32,js,00440888,Zhenhan Hu,2025-01-31,23:02:49,-08:00,2025-01-31T23:02:49-08:00,0,18
global.js,33,js,00440888,Zhenhan Hu,2025-01-31,23:02:49,-08:00,2025-01-31T23:02:49-08:00,0,9
global.js,34,js,00440888,Zhenhan Hu,2025-01-31,23:02:49,-08:00,2025-01-31T23:02:49-08:00,0,59
global.js,35,js,00440888,Zhenhan Hu,2025-01-31,23:02:49,-08:00,2025-01-31T23:02:49-08:00,0,1
global.js,36,js,d6efd8c0,Zhenhan Hu,2025-01-24,22:22:45,-08:00,2025-01-24T22:22:45-08:00,0,0
global.js,37,js,d6efd8c0,Zhenhan Hu,2025-01-24,22:22:45,-08:00,2025-01-24T22:22:45-08:00,0,34
global.js,38,js,d6efd8c0,Zhenhan Hu,2025-01-24,22:22:45,-08:00,2025-01-24T22:22:45-08:00,0,30
global.js,39,js,d6efd8c0,Zhenhan Hu,2025-01-24,22:22:45,-08:00,2025-01-24T22:22:45-08:00,0,19
global.js,40,js,d6efd8c0,Zhenhan Hu,2025-01-24,22:22:45,-08:00,2025-01-24T22:22:45-08:00,0,0
global.js,41,js,d6efd8c0,Zhenhan Hu,2025-01-24,22:22:45,-08:00,2025-01-24T22:22:45-08:00,0,13
global.js,42,js,d6efd8c0,Zhenhan Hu,2025-01-24,22:22:45,-08:00,2025-01-24T22:22:45-08:00,0,0
global.js,43,js,d6efd8c0,Zhenhan Hu,2025-01-24,22:22:45,-08:00,2025-01-24T22:22:45-08:00,0,0
global.js,44,js,d6efd8c0,Zhenhan Hu,2025-01-24,22:22:45,-08:00,2025-01-24T22:22:45-08:00,0,14
global.js,45,js,d6efd8c0,Zhenhan Hu,2025-01-24,22:22:45,-08:00,2025-01-24T22:22:45-08:00,0,32
global.js,46,js,d6efd8c0,Zhenhan Hu,2025-01-24,22:22:45,-08:00,2025-01-24T22:22:45-08:00,0,12
global.js,47,js,d6efd8c0,Zhenhan Hu,2025-01-24,22:22:45,-08:00,2025-01-24T22:22:45-08:00,0,0
global.js,48,js,d6efd8c0,Zhenhan Hu,2025-01-24,22:22:45,-08:00,2025-01-24T22:22:45-08:00,0,27
global.js,49,js,d6efd8c0,Zhenhan Hu,2025-01-24,22:22:45,-08:00,2025-01-24T22:22:45-08:00,0,5
global.js,50,js,d6efd8c0,Zhenhan Hu,2025-01-24,22:22:45,-08:00,2025-01-24T22:22:45-08:00,0,7
global.js,51,js,d6efd8c0,Zhenhan Hu,2025-01-24,22:22:45,-08:00,2025-01-24T22:22:45-08:00,0,44
global.js,52,js,d6efd8c0,Zhenhan Hu,2025-01-24,22:22:45,-08:00,2025-01-24T22:22:45-08:00,0,35
global.js,53,js,d6efd8c0,Zhenhan Hu,2025-01-24,22:22:45,-08:00,2025-01-24T22:22:45-08:00,0,33
global.js,54,js,d6efd8c0,Zhenhan Hu,2025-01-24,22:22:45,-08:00,2025-01-24T22:22:45-08:00,0,8
global.js,55,js,00440888,Zhenhan Hu,2025-01-31,23:02:49,-08:00,2025-01-31T23:02:49-08:00,0,8
global.js,56,js,d6efd8c0,Zhenhan Hu,2025-01-24,22:22:45,-08:00,2025-01-24T22:22:45-08:00,0,1
global.js,57,js,d6efd8c0,Zhenhan Hu,2025-01-24,22:22:45,-08:00,2025-01-24T22:22:45-08:00,0,0
global.js,58,js,d6efd8c0,Zhenhan Hu,2025-01-24,22:22:45,-08:00,2025-01-24T22:22:45-08:00,0,61
global.js,59,js,d6efd8c0,Zhenhan Hu,2025-01-24,22:22:45,-08:00,2025-01-24T22:22:45-08:00,0,0
global.js,60,js,d6efd8c0,Zhenhan Hu,2025-01-24,22:22:45,-08:00,2025-01-24T22:22:45-08:00,0,32
global.js,61,js,d6efd8c0,Zhenhan Hu,2025-01-24,22:22:45,-08:00,2025-01-24T22:22:45-08:00,0,66
global.js,62,js,d6efd8c0,Zhenhan Hu,2025-01-24,22:22:45,-08:00,2025-01-24T22:22:45-08:00,0,33
global.js,63,js,d6efd8c0,Zhenhan Hu,2025-01-24,22:22:45,-08:00,2025-01-24T22:22:45-08:00,0,0
global.js,64,js,d6efd8c0,Zhenhan Hu,2025-01-24,22:22:45,-08:00,2025-01-24T22:22:45-08:00,0,50
global.js,65,js,d6efd8c0,Zhenhan Hu,2025-01-24,22:22:45,-08:00,2025-01-24T22:22:45-08:00,0,34
global.js,66,js,d6efd8c0,Zhenhan Hu,2025-01-24,22:22:45,-08:00,2025-01-24T22:22:45-08:00,0,2
global.js,67,js,d6efd8c0,Zhenhan Hu,2025-01-24,22:22:45,-08:00,2025-01-24T22:22:45-08:00,0,0
global.js,68,js,d6efd8c0,Zhenhan Hu,2025-01-24,22:22:45,-08:00,2025-01-24T22:22:45-08:00,0,30
global.js,69,js,d6efd8c0,Zhenhan Hu,2025-01-24,22:22:45,-08:00,2025-01-24T22:22:45-08:00,0,40
global.js,70,js,d6efd8c0,Zhenhan Hu,2025-01-24,22:22:45,-08:00,2025-01-24T22:22:45-08:00,0,39
global.js,71,js,d6efd8c0,Zhenhan Hu,2025-01-24,22:22:45,-08:00,2025-01-24T22:22:45-08:00,0,0
global.js,72,js,d6efd8c0,Zhenhan Hu,2025-01-24,22:22:45,-08:00,2025-01-24T22:22:45-08:00,0,0
global.js,73,js,79a983c6,Zhenhan Hu,2025-01-25,01:03:41,-08:00,2025-01-25T01:03:41-08:00,0,13
global.js,74,js,79a983c6,Zhenhan Hu,2025-01-25,01:03:41,-08:00,2025-01-25T01:03:41-08:00,0,43
global.js,75,js,79a983c6,Zhenhan Hu,2025-01-25,01:03:41,-08:00,2025-01-25T01:03:41-08:00,0,0
global.js,76,js,0f7d041c,Zhenhan Hu,2025-01-31,22:47:53,-08:00,2025-01-31T22:47:53-08:00,0,10
global.js,77,js,0f7d041c,Zhenhan Hu,2025-01-31,22:47:53,-08:00,2025-01-31T22:47:53-08:00,0,43
global.js,78,js,0f7d041c,Zhenhan Hu,2025-01-31,22:47:53,-08:00,2025-01-31T22:47:53-08:00,0,22
global.js,79,js,79a983c6,Zhenhan Hu,2025-01-25,01:03:41,-08:00,2025-01-25T01:03:41-08:00,0,0
global.js,80,js,0f7d041c,Zhenhan Hu,2025-01-31,22:47:53,-08:00,2025-01-31T22:47:53-08:00,0,31
global.js,81,js,0f7d041c,Zhenhan Hu,2025-01-31,22:47:53,-08:00,2025-01-31T22:47:53-08:00,0,36
global.js,82,js,79a983c6,Zhenhan Hu,2025-01-25,01:03:41,-08:00,2025-01-25T01:03:41-08:00,0,0
global.js,83,js,0f7d041c,Zhenhan Hu,2025-01-31,22:47:53,-08:00,2025-01-31T22:47:53-08:00,0,32
global.js,84,js,0f7d041c,Zhenhan Hu,2025-01-31,22:47:53,-08:00,2025-01-31T22:47:53-08:00,0,46
global.js,85,js,0f7d041c,Zhenhan Hu,2025-01-31,22:47:53,-08:00,2025-01-31T22:47:53-08:00,0,0
global.js,86,js,0f7d041c,Zhenhan Hu,2025-01-31,22:47:53,-08:00,2025-01-31T22:47:53-08:00,0,0
global.js,87,js,0f7d041c,Zhenhan Hu,2025-01-31,22:47:53,-08:00,2025-01-31T22:47:53-08:00,0,25
global.js,88,js,0f7d041c,Zhenhan Hu,2025-01-31,22:47:53,-08:00,2025-01-31T22:47:53-08:00,0,37
global.js,89,js,0f7d041c,Zhenhan Hu,2025-01-31,22:47:53,-08:00,2025-01-31T22:47:53-08:00,0,31
global.js,90,js,0f7d041c,Zhenhan Hu,2025-01-31,22:47:53,-08:00,2025-01-31T22:47:53-08:00,0,0
global.js,91,js,0f7d041c,Zhenhan Hu,2025-01-31,22:47:53,-08:00,2025-01-31T22:47:53-08:00,0,60
global.js,92,js,0f7d041c,Zhenhan Hu,2025-01-31,22:47:53,-08:00,2025-01-31T22:47:53-08:00,0,25
global.js,93,js,0f7d041c,Zhenhan Hu,2025-01-31,22:47:53,-08:00,2025-01-31T22:47:53-08:00,0,2
global.js,94,js,0f7d041c,Zhenhan Hu,2025-01-31,22:47:53,-08:00,2025-01-31T22:47:53-08:00,0,0
global.js,95,js,0f7d041c,Zhenhan Hu,2025-01-31,22:47:53,-08:00,2025-01-31T22:47:53-08:00,0,0
global.js,96,js,0f7d041c,Zhenhan Hu,2025-01-31,22:47:53,-08:00,2025-01-31T22:47:53-08:00,0,40
global.js,97,js,0f7d041c,Zhenhan Hu,2025-01-31,22:47:53,-08:00,2025-01-31T22:47:53-08:00,0,37
global.js,98,js,0f7d041c,Zhenhan Hu,2025-01-31,22:47:53,-08:00,2025-01-31T22:47:53-08:00,0,4
global.js,99,js,0f7d041c,Zhenhan Hu,2025-01-31,22:47:53,-08:00,2025-01-31T22:47:53-08:00,0,33
global.js,100,js,0f7d041c,Zhenhan Hu,2025-01-31,22:47:53,-08:00,2025-01-31T22:47:53-08:00,0,18
global.js,101,js,0f7d041c,Zhenhan Hu,2025-01-31,22:47:53,-08:00,2025-01-31T22:47:53-08:00,0,67
global.js,102,js,0f7d041c,Zhenhan Hu,2025-01-31,22:47:53,-08:00,2025-01-31T22:47:53-08:00,0,0
global.js,103,js,0f7d041c,Zhenhan Hu,2025-01-31,22:47:53,-08:00,2025-01-31T22:47:53-08:00,0,34
global.js,104,js,0f7d041c,Zhenhan Hu,2025-01-31,22:47:53,-08:00,2025-01-31T22:47:53-08:00,0,11
global.js,105,js,0f7d041c,Zhenhan Hu,2025-01-31,22:47:53,-08:00,2025-01-31T22:47:53-08:00,0,16
global.js,106,js,0f7d041c,Zhenhan Hu,2025-01-31,22:47:53,-08:00,2025-01-31T22:47:53-08:00,0,60
global.js,107,js,79a983c6,Zhenhan Hu,2025-01-25,01:03:41,-08:00,2025-01-25T01:03:41-08:00,0,0
global.js,108,js,0f7d041c,Zhenhan Hu,2025-01-31,22:47:53,-08:00,2025-01-31T22:47:53-08:00,0,0
global.js,109,js,79a983c6,Zhenhan Hu,2025-01-25,01:03:41,-08:00,2025-01-25T01:03:41-08:00,0,0
global.js,110,js,0f7d041c,Zhenhan Hu,2025-01-31,22:47:53,-08:00,2025-01-31T22:47:53-08:00,0,80
global.js,111,js,0f7d041c,Zhenhan Hu,2025-01-31,22:47:53,-08:00,2025-01-31T22:47:53-08:00,0,31
global.js,112,js,0f7d041c,Zhenhan Hu,2025-01-31,22:47:53,-08:00,2025-01-31T22:47:53-08:00,0,28
global.js,113,js,0f7d041c,Zhenhan Hu,2025-01-31,22:47:53,-08:00,2025-01-31T22:47:53-08:00,0,49
global.js,114,js,0f7d041c,Zhenhan Hu,2025-01-31,22:47:53,-08:00,2025-01-31T22:47:53-08:00,0,20
global.js,115,js,0f7d041c,Zhenhan Hu,2025-01-31,22:47:53,-08:00,2025-01-31T22:47:53-08:00,0,50
global.js,116,js,0f7d041c,Zhenhan Hu,2025-01-31,22:47:53,-08:00,2025-01-31T22:47:53-08:00,0,21
global.js,117,js,0f7d041c,Zhenhan Hu,2025-01-31,22:47:53,-08:00,2025-01-31T22:47:53-08:00,0,50
global.js,118,js,0f7d041c,Zhenhan Hu,2025-01-31,22:47:53,-08:00,2025-01-31T22:47:53-08:00,0,28
global.js,119,js,0f7d041c,Zhenhan Hu,2025-01-31,22:47:53,-08:00,2025-01-31T22:47:53-08:00,0,1
global.js,120,js,0f7d041c,Zhenhan Hu,2025-01-31,22:47:53,-08:00,2025-01-31T22:47:53-08:00,0,37
global.js,121,js,0f7d041c,Zhenhan Hu,2025-01-31,22:47:53,-08:00,2025-01-31T22:47:53-08:00,0,2
global.js,122,js,0f7d041c,Zhenhan Hu,2025-01-31,22:47:53,-08:00,2025-01-31T22:47:53-08:00,0,0
global.js,123,js,79a983c6,Zhenhan Hu,2025-01-25,01:03:41,-08:00,2025-01-25T01:03:41-08:00,0,0
global.js,124,js,0f7d041c,Zhenhan Hu,2025-01-31,22:47:53,-08:00,2025-01-31T22:47:53-08:00,0,48
global.js,125,js,0f7d041c,Zhenhan Hu,2025-01-31,22:47:53,-08:00,2025-01-31T22:47:53-08:00,0,60
global.js,126,js,fb0a891c,Zhenhan Hu,2025-02-04,00:48:59,-08:00,2025-02-04T00:48:59-08:00,0,0
resume/index.html,1,html,3791416a,Zhenhan Hu,2025-01-10,08:08:07,-08:00,2025-01-10T08:08:07-08:00,0,14
resume/index.html,2,html,3791416a,Zhenhan Hu,2025-01-10,08:08:07,-08:00,2025-01-10T08:08:07-08:00,0,15
resume/index.html,3,html,3791416a,Zhenhan Hu,2025-01-10,08:08:07,-08:00,2025-01-10T08:08:07-08:00,0,5
resume/index.html,4,html,3791416a,Zhenhan Hu,2025-01-10,08:08:07,-08:00,2025-01-10T08:08:07-08:00,0,21
resume/index.html,5,html,3791416a,Zhenhan Hu,2025-01-10,08:08:07,-08:00,2025-01-10T08:08:07-08:00,0,69
resume/index.html,6,html,3791416a,Zhenhan Hu,2025-01-10,08:08:07,-08:00,2025-01-10T08:08:07-08:00,0,20
resume/index.html,7,html,201f5871,Zhenhan Hu,2025-01-18,16:23:25,-08:00,2025-01-18T16:23:25-08:00,0,42
resume/index.html,8,html,d6efd8c0,Zhenhan Hu,2025-01-24,22:22:45,-08:00,2025-01-24T22:22:45-08:00,0,49
resume/index.html,9,html,3791416a,Zhenhan Hu,2025-01-10,08:08:07,-08:00,2025-01-10T08:08:07-08:00,0,6
resume/index.html,10,html,3791416a,Zhenhan Hu,2025-01-10,08:08:07,-08:00,2025-01-10T08:08:07-08:00,0,5
resume/index.html,11,html,201f5871,Zhenhan Hu,2025-01-18,16:23:25,-08:00,2025-01-18T16:23:25-08:00,0,18
resume/index.html,12,html,3791416a,Zhenhan Hu,2025-01-10,08:08:07,-08:00,2025-01-10T08:08:07-08:00,0,5
resume/index.html,13,html,3791416a,Zhenhan Hu,2025-01-10,08:08:07,-08:00,2025-01-10T08:08:07-08:00,0,8
resume/index.html,14,html,3791416a,Zhenhan Hu,2025-01-10,08:08:07,-08:00,2025-01-10T08:08:07-08:00,0,28
resume/index.html,15,html,3791416a,Zhenhan Hu,2025-01-10,08:08:07,-08:00,2025-01-10T08:08:07-08:00,0,21
resume/index.html,16,html,3791416a,Zhenhan Hu,2025-01-10,08:08:07,-08:00,2025-01-10T08:08:07-08:00,0,9
resume/index.html,17,html,3791416a,Zhenhan Hu,2025-01-10,08:08:07,-08:00,2025-01-10T08:08:07-08:00,0,8
resume/index.html,18,html,3791416a,Zhenhan Hu,2025-01-10,08:08:07,-08:00,2025-01-10T08:08:07-08:00,0,17
resume/index.html,19,html,3791416a,Zhenhan Hu,2025-01-10,08:08:07,-08:00,2025-01-10T08:08:07-08:00,0,8
resume/index.html,20,html,3791416a,Zhenhan Hu,2025-01-10,08:08:07,-08:00,2025-01-10T08:08:07-08:00,0,45
resume/index.html,21,html,3791416a,Zhenhan Hu,2025-01-10,08:08:07,-08:00,2025-01-10T08:08:07-08:00,0,18
resume/index.html,22,html,3791416a,Zhenhan Hu,2025-01-10,08:08:07,-08:00,2025-01-10T08:08:07-08:00,0,9
resume/index.html,23,html,3791416a,Zhenhan Hu,2025-01-10,08:08:07,-08:00,2025-01-10T08:08:07-08:00,0,9
resume/index.html,24,html,3791416a,Zhenhan Hu,2025-01-10,08:08:07,-08:00,2025-01-10T08:08:07-08:00,0,8
resume/index.html,25,html,3791416a,Zhenhan Hu,2025-01-10,08:08:07,-08:00,2025-01-10T08:08:07-08:00,0,23
resume/index.html,26,html,3791416a,Zhenhan Hu,2025-01-10,08:08:07,-08:00,2025-01-10T08:08:07-08:00,0,8
resume/index.html,27,html,3791416a,Zhenhan Hu,2025-01-10,08:08:07,-08:00,2025-01-10T08:08:07-08:00,0,31
resume/index.html,28,html,3791416a,Zhenhan Hu,2025-01-10,08:08:07,-08:00,2025-01-10T08:08:07-08:00,0,10
resume/index.html,29,html,3791416a,Zhenhan Hu,2025-01-10,08:08:07,-08:00,2025-01-10T08:08:07-08:00,0,33
resume/index.html,30,html,3791416a,Zhenhan Hu,2025-01-10,08:08:07,-08:00,2025-01-10T08:08:07-08:00,0,3
resume/index.html,31,html,3791416a,Zhenhan Hu,2025-01-10,08:08:07,-08:00,2025-01-10T08:08:07-08:00,0,3
resume/index.html,32,html,3791416a,Zhenhan Hu,2025-01-10,08:08:07,-08:00,2025-01-10T08:08:07-08:00,0,52
resume/index.html,33,html,3791416a,Zhenhan Hu,2025-01-10,08:08:07,-08:00,2025-01-10T08:08:07-08:00,0,51
resume/index.html,34,html,3791416a,Zhenhan Hu,2025-01-10,08:08:07,-08:00,2025-01-10T08:08:07-08:00,0,51
resume/index.html,35,html,3791416a,Zhenhan Hu,2025-01-10,08:08:07,-08:00,2025-01-10T08:08:07-08:00,0,54
resume/index.html,36,html,3791416a,Zhenhan Hu,2025-01-10,08:08:07,-08:00,2025-01-10T08:08:07-08:00,0,54
resume/index.html,37,html,3791416a,Zhenhan Hu,2025-01-10,08:08:07,-08:00,2025-01-10T08:08:07-08:00,0,53
resume/index.html,38,html,3791416a,Zhenhan Hu,2025-01-10,08:08:07,-08:00,2025-01-10T08:08:07-08:00,0,57
resume/index.html,39,html,3791416a,Zhenhan Hu,2025-01-10,08:08:07,-08:00,2025-01-10T08:08:07-08:00,0,58
resume/index.html,40,html,3791416a,Zhenhan Hu,2025-01-10,08:08:07,-08:00,2025-01-10T08:08:07-08:00,0,13
resume/index.html,41,html,3791416a,Zhenhan Hu,2025-01-10,08:08:07,-08:00,2025-01-10T08:08:07-08:00,0,4
resume/index.html,42,html,3791416a,Zhenhan Hu,2025-01-10,08:08:07,-08:00,2025-01-10T08:08:07-08:00,0,3
resume/index.html,43,html,3791416a,Zhenhan Hu,2025-01-10,08:08:07,-08:00,2025-01-10T08:08:07-08:00,0,57
resume/index.html,44,html,3791416a,Zhenhan Hu,2025-01-10,08:08:07,-08:00,2025-01-10T08:08:07-08:00,0,58
resume/index.html,45,html,3791416a,Zhenhan Hu,2025-01-10,08:08:07,-08:00,2025-01-10T08:08:07-08:00,0,34
resume/index.html,46,html,3791416a,Zhenhan Hu,2025-01-10,08:08:07,-08:00,2025-01-10T08:08:07-08:00,0,4
resume/index.html,47,html,3791416a,Zhenhan Hu,2025-01-10,08:08:07,-08:00,2025-01-10T08:08:07-08:00,0,3
resume/index.html,48,html,3791416a,Zhenhan Hu,2025-01-10,08:08:07,-08:00,2025-01-10T08:08:07-08:00,0,64
resume/index.html,49,html,3791416a,Zhenhan Hu,2025-01-10,08:08:07,-08:00,2025-01-10T08:08:07-08:00,0,42
resume/index.html,50,html,3791416a,Zhenhan Hu,2025-01-10,08:08:07,-08:00,2025-01-10T08:08:07-08:00,0,56
resume/index.html,51,html,3791416a,Zhenhan Hu,2025-01-10,08:08:07,-08:00,2025-01-10T08:08:07-08:00,0,56
resume/index.html,52,html,3791416a,Zhenhan Hu,2025-01-10,08:08:07,-08:00,2025-01-10T08:08:07-08:00,0,51
resume/index.html,53,html,3791416a,Zhenhan Hu,2025-01-10,08:08:07,-08:00,2025-01-10T08:08:07-08:00,0,4
resume/index.html,54,html,3791416a,Zhenhan Hu,2025-01-10,08:08:07,-08:00,2025-01-10T08:08:07-08:00,0,3
resume/index.html,55,html,3791416a,Zhenhan Hu,2025-01-10,08:08:07,-08:00,2025-01-10T08:08:07-08:00,0,57
resume/index.html,56,html,3791416a,Zhenhan Hu,2025-01-10,08:08:07,-08:00,2025-01-10T08:08:07-08:00,0,56
resume/index.html,57,html,3791416a,Zhenhan Hu,2025-01-10,08:08:07,-08:00,2025-01-10T08:08:07-08:00,0,57
resume/index.html,58,html,3791416a,Zhenhan Hu,2025-01-10,08:08:07,-08:00,2025-01-10T08:08:07-08:00,0,25
resume/index.html,59,html,3791416a,Zhenhan Hu,2025-01-10,08:08:07,-08:00,2025-01-10T08:08:07-08:00,0,4
resume/index.html,60,html,3791416a,Zhenhan Hu,2025-01-10,08:08:07,-08:00,2025-01-10T08:08:07-08:00,0,3
resume/index.html,61,html,3791416a,Zhenhan Hu,2025-01-10,08:08:07,-08:00,2025-01-10T08:08:07-08:00,0,66
resume/index.html,62,html,3791416a,Zhenhan Hu,2025-01-10,08:08:07,-08:00,2025-01-10T08:08:07-08:00,0,68
resume/index.html,63,html,3791416a,Zhenhan Hu,2025-01-10,08:08:07,-08:00,2025-01-10T08:08:07-08:00,0,67
resume/index.html,64,html,3791416a,Zhenhan Hu,2025-01-10,08:08:07,-08:00,2025-01-10T08:08:07-08:00,0,6
resume/index.html,65,html,3791416a,Zhenhan Hu,2025-01-10,08:08:07,-08:00,2025-01-10T08:08:07-08:00,0,4
resume/index.html,66,html,3791416a,Zhenhan Hu,2025-01-10,08:08:07,-08:00,2025-01-10T08:08:07-08:00,0,4
resume/index.html,67,html,3791416a,Zhenhan Hu,2025-01-10,08:08:07,-08:00,2025-01-10T08:08:07-08:00,0,9
resume/index.html,68,html,3791416a,Zhenhan Hu,2025-01-10,08:08:07,-08:00,2025-01-10T08:08:07-08:00,0,9
resume/index.html,69,html,3791416a,Zhenhan Hu,2025-01-10,08:08:07,-08:00,2025-01-10T08:08:07-08:00,0,8
resume/index.html,70,html,3791416a,Zhenhan Hu,2025-01-10,08:08:07,-08:00,2025-01-10T08:08:07-08:00,0,14
resume/index.html,71,html,3791416a,Zhenhan Hu,2025-01-10,08:08:07,-08:00,2025-01-10T08:08:07-08:00,0,3
resume/index.html,72,html,3791416a,Zhenhan Hu,2025-01-10,08:08:07,-08:00,2025-01-10T08:08:07-08:00,0,14
resume/index.html,73,html,3791416a,Zhenhan Hu,2025-01-10,08:08:07,-08:00,2025-01-10T08:08:07-08:00,0,11
resume/index.html,74,html,3791416a,Zhenhan Hu,2025-01-10,08:08:07,-08:00,2025-01-10T08:08:07-08:00,0,20
resume/index.html,75,html,3791416a,Zhenhan Hu,2025-01-10,08:08:07,-08:00,2025-01-10T08:08:07-08:00,0,4
resume/index.html,76,html,3791416a,Zhenhan Hu,2025-01-10,08:08:07,-08:00,2025-01-10T08:08:07-08:00,0,9
resume/index.html,77,html,3791416a,Zhenhan Hu,2025-01-10,08:08:07,-08:00,2025-01-10T08:08:07-08:00,0,8
resume/index.html,78,html,3791416a,Zhenhan Hu,2025-01-10,08:08:07,-08:00,2025-01-10T08:08:07-08:00,0,13
resume/index.html,79,html,3791416a,Zhenhan Hu,2025-01-10,08:08:07,-08:00,2025-01-10T08:08:07-08:00,0,92
resume/index.html,80,html,3791416a,Zhenhan Hu,2025-01-10,08:08:07,-08:00,2025-01-10T08:08:07-08:00,0,9
resume/index.html,81,html,3791416a,Zhenhan Hu,2025-01-10,08:08:07,-08:00,2025-01-10T08:08:07-08:00,0,6
resume/index.html,82,html,3791416a,Zhenhan Hu,2025-01-10,08:08:07,-08:00,2025-01-10T08:08:07-08:00,0,0
resume/index.html,83,html,3791416a,Zhenhan Hu,2025-01-10,08:08:07,-08:00,2025-01-10T08:08:07-08:00,0,6
resume/index.html,84,html,3791416a,Zhenhan Hu,2025-01-10,08:08:07,-08:00,2025-01-10T08:08:07-08:00,0,6
projects/projects.js,1,js,0f7d041c,Zhenhan Hu,2025-01-31,22:47:53,-08:00,2025-01-31T22:47:53-08:00,0,56
projects/projects.js,2,js,fb0a891c,Zhenhan Hu,2025-02-04,00:48:59,-08:00,2025-02-04T00:48:59-08:00,0,60
projects/projects.js,3,js,0f7d041c,Zhenhan Hu,2025-01-31,22:47:53,-08:00,2025-01-31T22:47:53-08:00,0,0
projects/projects.js,4,js,0f7d041c,Zhenhan Hu,2025-01-31,22:47:53,-08:00,2025-01-31T22:47:53-08:00,0,56
projects/projects.js,5,js,0f7d041c,Zhenhan Hu,2025-01-31,22:47:53,-08:00,2025-01-31T22:47:53-08:00,0,61
projects/projects.js,6,js,0f7d041c,Zhenhan Hu,2025-01-31,22:47:53,-08:00,2025-01-31T22:47:53-08:00,0,63
projects/projects.js,7,js,0f7d041c,Zhenhan Hu,2025-01-31,22:47:53,-08:00,2025-01-31T22:47:53-08:00,0,0
projects/projects.js,8,js,84cef03b,Zhenhan Hu,2025-02-04,01:18:45,-08:00,2025-02-04T01:18:45-08:00,0,26
projects/projects.js,9,js,0f7d041c,Zhenhan Hu,2025-01-31,22:47:53,-08:00,2025-01-31T22:47:53-08:00,0,19
projects/projects.js,10,js,0f7d041c,Zhenhan Hu,2025-01-31,22:47:53,-08:00,2025-01-31T22:47:53-08:00,0,43
projects/projects.js,11,js,0f7d041c,Zhenhan Hu,2025-01-31,22:47:53,-08:00,2025-01-31T22:47:53-08:00,0,0
projects/projects.js,12,js,0f7d041c,Zhenhan Hu,2025-01-31,22:47:53,-08:00,2025-01-31T22:47:53-08:00,0,0
projects/projects.js,13,js,0f7d041c,Zhenhan Hu,2025-01-31,22:47:53,-08:00,2025-01-31T22:47:53-08:00,0,25
projects/projects.js,14,js,0f7d041c,Zhenhan Hu,2025-01-31,22:47:53,-08:00,2025-01-31T22:47:53-08:00,0,24
projects/projects.js,15,js,0f7d041c,Zhenhan Hu,2025-01-31,22:47:53,-08:00,2025-01-31T22:47:53-08:00,0,46
projects/projects.js,16,js,0f7d041c,Zhenhan Hu,2025-01-31,22:47:53,-08:00,2025-01-31T22:47:53-08:00,0,0
projects/projects.js,17,js,0f7d041c,Zhenhan Hu,2025-01-31,22:47:53,-08:00,2025-01-31T22:47:53-08:00,0,0
projects/projects.js,18,js,0f7d041c,Zhenhan Hu,2025-01-31,22:47:53,-08:00,2025-01-31T22:47:53-08:00,0,16
projects/projects.js,19,js,0f7d041c,Zhenhan Hu,2025-01-31,22:47:53,-08:00,2025-01-31T22:47:53-08:00,0,27
projects/projects.js,20,js,0f7d041c,Zhenhan Hu,2025-01-31,22:47:53,-08:00,2025-01-31T22:47:53-08:00,0,75
projects/projects.js,21,js,0f7d041c,Zhenhan Hu,2025-01-31,22:47:53,-08:00,2025-01-31T22:47:53-08:00,0,7
projects/projects.js,22,js,0f7d041c,Zhenhan Hu,2025-01-31,22:47:53,-08:00,2025-01-31T22:47:53-08:00,0,49
projects/projects.js,23,js,fb0a891c,Zhenhan Hu,2025-02-04,00:48:59,-08:00,2025-02-04T00:48:59-08:00,0,0
projects/projects.js,24,js,fb0a891c,Zhenhan Hu,2025-02-04,00:48:59,-08:00,2025-02-04T00:48:59-08:00,0,0
projects/projects.js,25,js,84cef03b,Zhenhan Hu,2025-02-04,01:18:45,-08:00,2025-02-04T01:18:45-08:00,0,11
projects/projects.js,26,js,fb0a891c,Zhenhan Hu,2025-02-04,00:48:59,-08:00,2025-02-04T00:48:59-08:00,0,58
projects/projects.js,27,js,fb0a891c,Zhenhan Hu,2025-02-04,00:48:59,-08:00,2025-02-04T00:48:59-08:00,0,48
projects/projects.js,28,js,84cef03b,Zhenhan Hu,2025-02-04,01:18:45,-08:00,2025-02-04T01:18:45-08:00,0,22
projects/projects.js,29,js,fb0a891c,Zhenhan Hu,2025-02-04,00:48:59,-08:00,2025-02-04T00:48:59-08:00,0,0
projects/projects.js,30,js,84cef03b,Zhenhan Hu,2025-02-04,01:18:45,-08:00,2025-02-04T01:18:45-08:00,0,70
projects/projects.js,31,js,84cef03b,Zhenhan Hu,2025-02-04,01:18:45,-08:00,2025-02-04T01:18:45-08:00,0,36
projects/projects.js,32,js,fb0a891c,Zhenhan Hu,2025-02-04,00:48:59,-08:00,2025-02-04T00:48:59-08:00,0,30
projects/projects.js,33,js,fb0a891c,Zhenhan Hu,2025-02-04,00:48:59,-08:00,2025-02-04T00:48:59-08:00,0,13
projects/projects.js,34,js,fb0a891c,Zhenhan Hu,2025-02-04,00:48:59,-08:00,2025-02-04T00:48:59-08:00,0,15
projects/projects.js,35,js,fb0a891c,Zhenhan Hu,2025-02-04,00:48:59,-08:00,2025-02-04T00:48:59-08:00,0,12
projects/projects.js,36,js,fb0a891c,Zhenhan Hu,2025-02-04,00:48:59,-08:00,2025-02-04T00:48:59-08:00,0,1
projects/projects.js,37,js,fb0a891c,Zhenhan Hu,2025-02-04,00:48:59,-08:00,2025-02-04T00:48:59-08:00,0,0
projects/projects.js,38,js,fb0a891c,Zhenhan Hu,2025-02-04,00:48:59,-08:00,2025-02-04T00:48:59-08:00,0,44
projects/projects.js,39,js,fb0a891c,Zhenhan Hu,2025-02-04,00:48:59,-08:00,2025-02-04T00:48:59-08:00,0,36
projects/projects.js,40,js,fb0a891c,Zhenhan Hu,2025-02-04,00:48:59,-08:00,2025-02-04T00:48:59-08:00,0,2
projects/projects.js,41,js,fb0a891c,Zhenhan Hu,2025-02-04,00:48:59,-08:00,2025-02-04T00:48:59-08:00,0,0
projects/projects.js,42,js,fb0a891c,Zhenhan Hu,2025-02-04,00:48:59,-08:00,2025-02-04T00:48:59-08:00,0,0
projects/projects.js,43,js,84cef03b,Zhenhan Hu,2025-02-04,01:18:45,-08:00,2025-02-04T01:18:45-08:00,0,27
projects/projects.js,44,js,84cef03b,Zhenhan Hu,2025-02-04,01:18:45,-08:00,2025-02-04T01:18:45-08:00,0,49
projects/projects.js,45,js,84cef03b,Zhenhan Hu,2025-02-04,01:18:45,-08:00,2025-02-04T01:18:45-08:00,0,33
projects/projects.js,46,js,84cef03b,Zhenhan Hu,2025-02-04,01:18:45,-08:00,2025-02-04T01:18:45-08:00,0,31
projects/projects.js,47,js,84cef03b,Zhenhan Hu,2025-02-04,01:18:45,-08:00,2025-02-04T01:18:45-08:00,0,25
projects/projects.js,48,js,84cef03b,Zhenhan Hu,2025-02-04,01:18:45,-08:00,2025-02-04T01:18:45-08:00,0,43
projects/projects.js,49,js,84cef03b,Zhenhan Hu,2025-02-04,01:18:45,-08:00,2025-02-04T01:18:45-08:00,0,44
projects/projects.js,50,js,84cef03b,Zhenhan Hu,2025-02-04,01:18:45,-08:00,2025-02-04T01:18:45-08:00,0,29
projects/projects.js,51,js,84cef03b,Zhenhan Hu,2025-02-04,01:18:45,-08:00,2025-02-04T01:18:45-08:00,0,76
projects/projects.js,52,js,84cef03b,Zhenhan Hu,2025-02-04,01:18:45,-08:00,2025-02-04T01:18:45-08:00,0,70
projects/projects.js,53,js,84cef03b,Zhenhan Hu,2025-02-04,01:18:45,-08:00,2025-02-04T01:18:45-08:00,0,0
projects/projects.js,54,js,84cef03b,Zhenhan Hu,2025-02-04,01:18:45,-08:00,2025-02-04T01:18:45-08:00,0,58
projects/projects.js,55,js,84cef03b,Zhenhan Hu,2025-02-04,01:18:45,-08:00,2025-02-04T01:18:45-08:00,0,2
projects/projects.js,56,js,84cef03b,Zhenhan Hu,2025-02-04,01:18:45,-08:00,2025-02-04T01:18:45-08:00,0,0
projects/projects.js,57,js,fb0a891c,Zhenhan Hu,2025-02-04,00:48:59,-08:00,2025-02-04T00:48:59-08:00,0,0
projects/projects.js,58,js,84cef03b,Zhenhan Hu,2025-02-04,01:18:45,-08:00,2025-02-04T01:18:45-08:00,0,34
projects/projects.js,59,js,84cef03b,Zhenhan Hu,2025-02-04,01:18:45,-08:00,2025-02-04T01:18:45-08:00,0,40
projects/projects.js,60,js,84cef03b,Zhenhan Hu,2025-02-04,01:18:45,-08:00,2025-02-04T01:18:45-08:00,0,26
projects/projects.js,61,js,84cef03b,Zhenhan Hu,2025-02-04,01:18:45,-08:00,2025-02-04T01:18:45-08:00,0,46
projects/projects.js,62,js,84cef03b,Zhenhan Hu,2025-02-04,01:18:45,-08:00,2025-02-04T01:18:45-08:00,0,0
projects/projects.js,63,js,84cef03b,Zhenhan Hu,2025-02-04,01:18:45,-08:00,2025-02-04T01:18:45-08:00,0,51
projects/projects.js,64,js,84cef03b,Zhenhan Hu,2025-02-04,01:18:45,-08:00,2025-02-04T01:18:45-08:00,0,34
projects/projects.js,65,js,84cef03b,Zhenhan Hu,2025-02-04,01:18:45,-08:00,2025-02-04T01:18:45-08:00,0,46
projects/projects.js,66,js,84cef03b,Zhenhan Hu,2025-02-04,01:18:45,-08:00,2025-02-04T01:18:45-08:00,0,0
projects/projects.js,67,js,84cef03b,Zhenhan Hu,2025-02-04,01:18:45,-08:00,2025-02-04T01:18:45-08:00,0,27
projects/projects.js,68,js,84cef03b,Zhenhan Hu,2025-02-04,01:18:45,-08:00,2025-02-04T01:18:45-08:00,0,17
projects/projects.js,69,js,84cef03b,Zhenhan Hu,2025-02-04,01:18:45,-08:00,2025-02-04T01:18:45-08:00,0,14
projects/projects.js,70,js,84cef03b,Zhenhan Hu,2025-02-04,01:18:45,-08:00,2025-02-04T01:18:45-08:00,0,25
projects/projects.js,71,js,84cef03b,Zhenhan Hu,2025-02-04,01:18:45,-08:00,2025-02-04T01:18:45-08:00,0,22
projects/projects.js,72,js,84cef03b,Zhenhan Hu,2025-02-04,01:18:45,-08:00,2025-02-04T01:18:45-08:00,0,25
projects/projects.js,73,js,fb0a891c,Zhenhan Hu,2025-02-04,00:48:59,-08:00,2025-02-04T00:48:59-08:00,0,47
projects/projects.js,74,js,84cef03b,Zhenhan Hu,2025-02-04,01:18:45,-08:00,2025-02-04T01:18:45-08:00,0,50
projects/projects.js,75,js,84cef03b,Zhenhan Hu,2025-02-04,01:18:45,-08:00,2025-02-04T01:18:45-08:00,0,0
projects/projects.js,76,js,84cef03b,Zhenhan Hu,2025-02-04,01:18:45,-08:00,2025-02-04T01:18:45-08:00,0,26
projects/projects.js,77,js,84cef03b,Zhenhan Hu,2025-02-04,01:18:45,-08:00,2025-02-04T01:18:45-08:00,0,41
projects/projects.js,78,js,84cef03b,Zhenhan Hu,2025-02-04,01:18:45,-08:00,2025-02-04T01:18:45-08:00,0,44
projects/projects.js,79,js,84cef03b,Zhenhan Hu,2025-02-04,01:18:45,-08:00,2025-02-04T01:18:45-08:00,0,68
projects/projects.js,80,js,84cef03b,Zhenhan Hu,2025-02-04,01:18:45,-08:00,2025-02-04T01:18:45-08:00,0,0
projects/projects.js,81,js,84cef03b,Zhenhan Hu,2025-02-04,01:18:45,-08:00,2025-02-04T01:18:45-08:00,0,36
projects/projects.js,82,js,84cef03b,Zhenhan Hu,2025-02-04,01:18:45,-08:00,2025-02-04T01:18:45-08:00,0,57
projects/projects.js,83,js,84cef03b,Zhenhan Hu,2025-02-04,01:18:45,-08:00,2025-02-04T01:18:45-08:00,0,43
projects/projects.js,84,js,84cef03b,Zhenhan Hu,2025-02-04,01:18:45,-08:00,2025-02-04T01:18:45-08:00,0,0
projects/projects.js,85,js,84cef03b,Zhenhan Hu,2025-02-04,01:18:45,-08:00,2025-02-04T01:18:45-08:00,0,34
projects/projects.js,86,js,84cef03b,Zhenhan Hu,2025-02-04,01:18:45,-08:00,2025-02-04T01:18:45-08:00,0,46
projects/projects.js,87,js,84cef03b,Zhenhan Hu,2025-02-04,01:18:45,-08:00,2025-02-04T01:18:45-08:00,0,43
projects/projects.js,88,js,84cef03b,Zhenhan Hu,2025-02-04,01:18:45,-08:00,2025-02-04T01:18:45-08:00,0,33
projects/projects.js,89,js,84cef03b,Zhenhan Hu,2025-02-04,01:18:45,-08:00,2025-02-04T01:18:45-08:00,0,45
projects/projects.js,90,js,84cef03b,Zhenhan Hu,2025-02-04,01:18:45,-08:00,2025-02-04T01:18:45-08:00,0,32
projects/projects.js,91,js,84cef03b,Zhenhan Hu,2025-02-04,01:18:45,-08:00,2025-02-04T01:18:45-08:00,0,18
projects/projects.js,92,js,84cef03b,Zhenhan Hu,2025-02-04,01:18:45,-08:00,2025-02-04T01:18:45-08:00,0,32
projects/projects.js,93,js,84cef03b,Zhenhan Hu,2025-02-04,01:18:45,-08:00,2025-02-04T01:18:45-08:00,0,70
projects/projects.js,94,js,84cef03b,Zhenhan Hu,2025-02-04,01:18:45,-08:00,2025-02-04T01:18:45-08:00,0,2
projects/projects.js,95,js,84cef03b,Zhenhan Hu,2025-02-04,01:18:45,-08:00,2025-02-04T01:18:45-08:00,0,7
projects/projects.js,96,js,84cef03b,Zhenhan Hu,2025-02-04,01:18:45,-08:00,2025-02-04T01:18:45-08:00,0,36
projects/projects.js,97,js,84cef03b,Zhenhan Hu,2025-02-04,01:18:45,-08:00,2025-02-04T01:18:45-08:00,0,49
projects/projects.js,98,js,84cef03b,Zhenhan Hu,2025-02-04,01:18:45,-08:00,2025-02-04T01:18:45-08:00,0,35
projects/projects.js,99,js,84cef03b,Zhenhan Hu,2025-02-04,01:18:45,-08:00,2025-02-04T01:18:45-08:00,0,18
projects/projects.js,100,js,84cef03b,Zhenhan Hu,2025-02-04,01:18:45,-08:00,2025-02-04T01:18:45-08:00,0,0
projects/projects.js,101,js,84cef03b,Zhenhan Hu,2025-02-04,01:18:45,-08:00,2025-02-04T01:18:45-08:00,0,2
projects/projects.js,102,js,fb0a891c,Zhenhan Hu,2025-02-04,00:48:59,-08:00,2025-02-04T00:48:59-08:00,0,2
projects/projects.js,103,js,84cef03b,Zhenhan Hu,2025-02-04,01:18:45,-08:00,2025-02-04T01:18:45-08:00,0,18
projects/projects.js,104,js,84cef03b,Zhenhan Hu,2025-02-04,01:18:45,-08:00,2025-02-04T01:18:45-08:00,0,0
projects/projects.js,105,js,84cef03b,Zhenhan Hu,2025-02-04,01:18:45,-08:00,2025-02-04T01:18:45-08:00,0,0
projects/projects.js,106,js,84cef03b,Zhenhan Hu,2025-02-04,01:18:45,-08:00,2025-02-04T01:18:45-08:00,0,59
projects/projects.js,107,js,84cef03b,Zhenhan Hu,2025-02-04,01:18:45,-08:00,2025-02-04T01:18:45-08:00,0,35
projects/projects.js,108,js,84cef03b,Zhenhan Hu,2025-02-04,01:18:45,-08:00,2025-02-04T01:18:45-08:00,0,63
projects/projects.js,109,js,84cef03b,Zhenhan Hu,2025-02-04,01:18:45,-08:00,2025-02-04T01:18:45-08:00,0,19
projects/projects.js,110,js,84cef03b,Zhenhan Hu,2025-02-04,01:18:45,-08:00,2025-02-04T01:18:45-08:00,0,33
projects/projects.js,111,js,84cef03b,Zhenhan Hu,2025-02-04,01:18:45,-08:00,2025-02-04T01:18:45-08:00,0,0
projects/projects.js,112,js,84cef03b,Zhenhan Hu,2025-02-04,01:18:45,-08:00,2025-02-04T01:18:45-08:00,0,0
projects/projects.js,113,js,fb0a891c,Zhenhan Hu,2025-02-04,00:48:59,-08:00,2025-02-04T00:48:59-08:00,0,0
projects/projects.js,114,js,84cef03b,Zhenhan Hu,2025-02-04,01:18:45,-08:00,2025-02-04T01:18:45-08:00,0,19
projects/projects.js,115,js,84cef03b,Zhenhan Hu,2025-02-04,01:18:45,-08:00,2025-02-04T01:18:45-08:00,0,32
projects/projects.js,116,js,84cef03b,Zhenhan Hu,2025-02-04,01:18:45,-08:00,2025-02-04T01:18:45-08:00,0,30
projects/projects.js,117,js,fb0a891c,Zhenhan Hu,2025-02-04,00:48:59,-08:00,2025-02-04T00:48:59-08:00,0,0
projects/projects.js,118,js,84cef03b,Zhenhan Hu,2025-02-04,01:18:45,-08:00,2025-02-04T01:18:45-08:00,0,40
projects/projects.js,119,js,84cef03b,Zhenhan Hu,2025-02-04,01:18:45,-08:00,2025-02-04T01:18:45-08:00,0,14
projects/projects.js,120,js,84cef03b,Zhenhan Hu,2025-02-04,01:18:45,-08:00,2025-02-04T01:18:45-08:00,0,74
projects/projects.js,121,js,84cef03b,Zhenhan Hu,2025-02-04,01:18:45,-08:00,2025-02-04T01:18:45-08:00,0,40
projects/projects.js,122,js,84cef03b,Zhenhan Hu,2025-02-04,01:18:45,-08:00,2025-02-04T01:18:45-08:00,0,102
projects/projects.js,123,js,fb0a891c,Zhenhan Hu,2025-02-04,00:48:59,-08:00,2025-02-04T00:48:59-08:00,0,57
projects/projects.js,124,js,84cef03b,Zhenhan Hu,2025-02-04,01:18:45,-08:00,2025-02-04T01:18:45-08:00,0,43
projects/projects.js,125,js,fb0a891c,Zhenhan Hu,2025-02-04,00:48:59,-08:00,2025-02-04T00:48:59-08:00,0,0
projects/projects.js,126,js,84cef03b,Zhenhan Hu,2025-02-04,01:18:45,-08:00,2025-02-04T01:18:45-08:00,0,43
projects/projects.js,127,js,34e1b976,Zhenhan Hu,2025-02-09,00:34:34,-08:00,2025-02-09T00:34:34-08:00,0,83
projects/projects.js,128,js,34e1b976,Zhenhan Hu,2025-02-09,00:34:34,-08:00,2025-02-09T00:34:34-08:00,0,83
projects/projects.js,129,js,5fe1ae21,Zhenhan Hu,2025-02-09,00:32:48,-08:00,2025-02-09T00:32:48-08:00,0,93
projects/projects.js,130,js,5fe1ae21,Zhenhan Hu,2025-02-09,00:32:48,-08:00,2025-02-09T00:32:48-08:00,0,82
projects/projects.js,131,js,5fe1ae21,Zhenhan Hu,2025-02-09,00:32:48,-08:00,2025-02-09T00:32:48-08:00,0,88
projects/projects.js,132,js,84cef03b,Zhenhan Hu,2025-02-04,01:18:45,-08:00,2025-02-04T01:18:45-08:00,0,2
projects/index.html,1,html,a9c06406,Zhenhan Hu,2025-01-10,06:55:15,-08:00,2025-01-10T06:55:15-08:00,0,14
projects/index.html,2,html,a9c06406,Zhenhan Hu,2025-01-10,06:55:15,-08:00,2025-01-10T06:55:15-08:00,0,15
projects/index.html,3,html,a9c06406,Zhenhan Hu,2025-01-10,06:55:15,-08:00,2025-01-10T06:55:15-08:00,0,5
projects/index.html,4,html,a9c06406,Zhenhan Hu,2025-01-10,06:55:15,-08:00,2025-01-10T06:55:15-08:00,0,21
projects/index.html,5,html,a9c06406,Zhenhan Hu,2025-01-10,06:55:15,-08:00,2025-01-10T06:55:15-08:00,0,69
projects/index.html,6,html,a9c06406,Zhenhan Hu,2025-01-10,06:55:15,-08:00,2025-01-10T06:55:15-08:00,0,22
projects/index.html,7,html,201f5871,Zhenhan Hu,2025-01-18,16:23:25,-08:00,2025-01-18T16:23:25-08:00,0,42
projects/index.html,8,html,d6efd8c0,Zhenhan Hu,2025-01-24,22:22:45,-08:00,2025-01-24T22:22:45-08:00,0,49
projects/index.html,9,html,0f7d041c,Zhenhan Hu,2025-01-31,22:47:53,-08:00,2025-01-31T22:47:53-08:00,0,50
projects/index.html,10,html,a9c06406,Zhenhan Hu,2025-01-10,06:55:15,-08:00,2025-01-10T06:55:15-08:00,0,6
projects/index.html,11,html,a9c06406,Zhenhan Hu,2025-01-10,06:55:15,-08:00,2025-01-10T06:55:15-08:00,0,5
projects/index.html,12,html,0f7d041c,Zhenhan Hu,2025-01-31,22:47:53,-08:00,2025-01-31T22:47:53-08:00,0,53
projects/index.html,13,html,fb0a891c,Zhenhan Hu,2025-02-04,00:48:59,-08:00,2025-02-04T00:48:59-08:00,0,26
projects/index.html,14,html,fb0a891c,Zhenhan Hu,2025-02-04,00:48:59,-08:00,2025-02-04T00:48:59-08:00,0,78
projects/index.html,15,html,fb0a891c,Zhenhan Hu,2025-02-04,00:48:59,-08:00,2025-02-04T00:48:59-08:00,0,23
projects/index.html,16,html,fb58ccb6,Zhenhan Hu,2025-01-18,17:41:55,-08:00,2025-01-18T17:41:55-08:00,0,5
projects/index.html,17,html,fb0a891c,Zhenhan Hu,2025-02-04,00:48:59,-08:00,2025-02-04T00:48:59-08:00,0,5
projects/index.html,18,html,fb0a891c,Zhenhan Hu,2025-02-04,00:48:59,-08:00,2025-02-04T00:48:59-08:00,0,16
projects/index.html,19,html,fb0a891c,Zhenhan Hu,2025-02-04,00:48:59,-08:00,2025-02-04T00:48:59-08:00,0,12
projects/index.html,20,html,fb0a891c,Zhenhan Hu,2025-02-04,00:48:59,-08:00,2025-02-04T00:48:59-08:00,0,27
projects/index.html,21,html,fb0a891c,Zhenhan Hu,2025-02-04,00:48:59,-08:00,2025-02-04T00:48:59-08:00,0,34
projects/index.html,22,html,fb0a891c,Zhenhan Hu,2025-02-04,00:48:59,-08:00,2025-02-04T00:48:59-08:00,0,27
projects/index.html,23,html,a9c06406,Zhenhan Hu,2025-01-10,06:55:15,-08:00,2025-01-10T06:55:15-08:00,0,6
projects/index.html,24,html,fb0a891c,Zhenhan Hu,2025-02-04,00:48:59,-08:00,2025-02-04T00:48:59-08:00,0,6
meta/main.js,1,js,ab91acbe,Zhenhan Hu,2025-02-13,03:35:16,-08:00,2025-02-13T03:35:16-08:00,0,13
meta/main.js,2,js,ab91acbe,Zhenhan Hu,2025-02-13,03:35:16,-08:00,2025-02-13T03:35:16-08:00,0,16
meta/main.js,3,js,ab91acbe,Zhenhan Hu,2025-02-13,03:35:16,-08:00,2025-02-13T03:35:16-08:00,0,0
meta/main.js,4,js,ab91acbe,Zhenhan Hu,2025-02-13,03:35:16,-08:00,2025-02-13T03:35:16-08:00,0,26
meta/main.js,5,js,ab91acbe,Zhenhan Hu,2025-02-13,03:35:16,-08:00,2025-02-13T03:35:16-08:00,0,41
meta/main.js,6,js,ab91acbe,Zhenhan Hu,2025-02-13,03:35:16,-08:00,2025-02-13T03:35:16-08:00,0,6
meta/main.js,7,js,ab91acbe,Zhenhan Hu,2025-02-13,03:35:16,-08:00,2025-02-13T03:35:16-08:00,0,22
meta/main.js,8,js,ab91acbe,Zhenhan Hu,2025-02-13,03:35:16,-08:00,2025-02-13T03:35:16-08:00,0,24
meta/main.js,9,js,ab91acbe,Zhenhan Hu,2025-02-13,03:35:16,-08:00,2025-02-13T03:35:16-08:00,0,26
meta/main.js,10,js,ab91acbe,Zhenhan Hu,2025-02-13,03:35:16,-08:00,2025-02-13T03:35:16-08:00,0,53
meta/main.js,11,js,ab91acbe,Zhenhan Hu,2025-02-13,03:35:16,-08:00,2025-02-13T03:35:16-08:00,0,53
meta/main.js,12,js,ab91acbe,Zhenhan Hu,2025-02-13,03:35:16,-08:00,2025-02-13T03:35:16-08:00,0,32
meta/main.js,13,js,ab91acbe,Zhenhan Hu,2025-02-13,03:35:16,-08:00,2025-02-13T03:35:16-08:00,0,3
meta/main.js,14,js,ab91acbe,Zhenhan Hu,2025-02-13,03:35:16,-08:00,2025-02-13T03:35:16-08:00,0,0
meta/main.js,15,js,ab91acbe,Zhenhan Hu,2025-02-13,03:35:16,-08:00,2025-02-13T03:35:16-08:00,0,21
meta/main.js,16,js,ab91acbe,Zhenhan Hu,2025-02-13,03:35:16,-08:00,2025-02-13T03:35:16-08:00,0,16
meta/main.js,17,js,ab91acbe,Zhenhan Hu,2025-02-13,03:35:16,-08:00,2025-02-13T03:35:16-08:00,0,20
meta/main.js,18,js,ab91acbe,Zhenhan Hu,2025-02-13,03:35:16,-08:00,2025-02-13T03:35:16-08:00,0,7
meta/main.js,19,js,ab91acbe,Zhenhan Hu,2025-02-13,03:35:16,-08:00,2025-02-13T03:35:16-08:00,0,41
meta/main.js,20,js,ab91acbe,Zhenhan Hu,2025-02-13,03:35:16,-08:00,2025-02-13T03:35:16-08:00,0,0
meta/main.js,21,js,ab91acbe,Zhenhan Hu,2025-02-13,03:35:16,-08:00,2025-02-13T03:35:16-08:00,0,0
meta/main.js,22,js,ab91acbe,Zhenhan Hu,2025-02-13,03:35:16,-08:00,2025-02-13T03:35:16-08:00,0,14
meta/main.js,23,js,ab91acbe,Zhenhan Hu,2025-02-13,03:35:16,-08:00,2025-02-13T03:35:16-08:00,0,0
meta/main.js,24,js,ab91acbe,Zhenhan Hu,2025-02-13,03:35:16,-08:00,2025-02-13T03:35:16-08:00,0,0
meta/main.js,25,js,ab91acbe,Zhenhan Hu,2025-02-13,03:35:16,-08:00,2025-02-13T03:35:16-08:00,0,26
meta/main.js,26,js,ab91acbe,Zhenhan Hu,2025-02-13,03:35:16,-08:00,2025-02-13T03:35:16-08:00,0,11
meta/main.js,27,js,ab91acbe,Zhenhan Hu,2025-02-13,03:35:16,-08:00,2025-02-13T03:35:16-08:00,0,29
meta/main.js,28,js,ab91acbe,Zhenhan Hu,2025-02-13,03:35:16,-08:00,2025-02-13T03:35:16-08:00,0,26
meta/main.js,29,js,ab91acbe,Zhenhan Hu,2025-02-13,03:35:16,-08:00,2025-02-13T03:35:16-08:00,0,20
meta/main.js,30,js,ab91acbe,Zhenhan Hu,2025-02-13,03:35:16,-08:00,2025-02-13T03:35:16-08:00,0,54
meta/main.js,31,js,ab91acbe,Zhenhan Hu,2025-02-13,03:35:16,-08:00,2025-02-13T03:35:16-08:00,0,10
meta/main.js,32,js,ab91acbe,Zhenhan Hu,2025-02-13,03:35:16,-08:00,2025-02-13T03:35:16-08:00,0,10
meta/main.js,33,js,ab91acbe,Zhenhan Hu,2025-02-13,03:35:16,-08:00,2025-02-13T03:35:16-08:00,0,62
meta/main.js,34,js,ab91acbe,Zhenhan Hu,2025-02-13,03:35:16,-08:00,2025-02-13T03:35:16-08:00,0,6
meta/main.js,35,js,ab91acbe,Zhenhan Hu,2025-02-13,03:35:16,-08:00,2025-02-13T03:35:16-08:00,0,4
meta/main.js,36,js,ab91acbe,Zhenhan Hu,2025-02-13,03:35:16,-08:00,2025-02-13T03:35:16-08:00,0,4
meta/main.js,37,js,ab91acbe,Zhenhan Hu,2025-02-13,03:35:16,-08:00,2025-02-13T03:35:16-08:00,0,8
meta/main.js,38,js,ab91acbe,Zhenhan Hu,2025-02-13,03:35:16,-08:00,2025-02-13T03:35:16-08:00,0,8
meta/main.js,39,js,ab91acbe,Zhenhan Hu,2025-02-13,03:35:16,-08:00,2025-02-13T03:35:16-08:00,0,58
meta/main.js,40,js,ab91acbe,Zhenhan Hu,2025-02-13,03:35:16,-08:00,2025-02-13T03:35:16-08:00,0,24
meta/main.js,41,js,ab91acbe,Zhenhan Hu,2025-02-13,03:35:16,-08:00,2025-02-13T03:35:16-08:00,0,1
meta/main.js,42,js,ab91acbe,Zhenhan Hu,2025-02-13,03:35:16,-08:00,2025-02-13T03:35:16-08:00,0,0
meta/main.js,43,js,ab91acbe,Zhenhan Hu,2025-02-13,03:35:16,-08:00,2025-02-13T03:35:16-08:00,0,36
meta/main.js,44,js,ab91acbe,Zhenhan Hu,2025-02-13,03:35:16,-08:00,2025-02-13T03:35:16-08:00,0,12
meta/main.js,45,js,ab91acbe,Zhenhan Hu,2025-02-13,03:35:16,-08:00,2025-02-13T03:35:16-08:00,0,16
meta/main.js,46,js,ab91acbe,Zhenhan Hu,2025-02-13,03:35:16,-08:00,2025-02-13T03:35:16-08:00,0,2
meta/main.js,47,js,ab91acbe,Zhenhan Hu,2025-02-13,03:35:16,-08:00,2025-02-13T03:35:16-08:00,0,0
meta/main.js,48,js,ab91acbe,Zhenhan Hu,2025-02-13,03:35:16,-08:00,2025-02-13T03:35:16-08:00,0,10
meta/main.js,49,js,ab91acbe,Zhenhan Hu,2025-02-13,03:35:16,-08:00,2025-02-13T03:35:16-08:00,0,2
meta/main.js,50,js,ab91acbe,Zhenhan Hu,2025-02-13,03:35:16,-08:00,2025-02-13T03:35:16-08:00,0,0
meta/main.js,51,js,ab91acbe,Zhenhan Hu,2025-02-13,03:35:16,-08:00,2025-02-13T03:35:16-08:00,0,0
meta/main.js,52,js,ab91acbe,Zhenhan Hu,2025-02-13,03:35:16,-08:00,2025-02-13T03:35:16-08:00,0,58
meta/main.js,53,js,ab91acbe,Zhenhan Hu,2025-02-13,03:35:16,-08:00,2025-02-13T03:35:16-08:00,0,16
meta/main.js,54,js,ab91acbe,Zhenhan Hu,2025-02-13,03:35:16,-08:00,2025-02-13T03:35:16-08:00,0,2
meta/main.js,55,js,ab91acbe,Zhenhan Hu,2025-02-13,03:35:16,-08:00,2025-02-13T03:35:16-08:00,0,0
meta/main.js,56,js,ab91acbe,Zhenhan Hu,2025-02-13,03:35:16,-08:00,2025-02-13T03:35:16-08:00,0,24
meta/main.js,57,js,ab91acbe,Zhenhan Hu,2025-02-13,03:35:16,-08:00,2025-02-13T03:35:16-08:00,0,16
meta/main.js,58,js,ab91acbe,Zhenhan Hu,2025-02-13,03:35:16,-08:00,2025-02-13T03:35:16-08:00,0,0
meta/main.js,59,js,ab91acbe,Zhenhan Hu,2025-02-13,03:35:16,-08:00,2025-02-13T03:35:16-08:00,0,75
meta/main.js,60,js,ab91acbe,Zhenhan Hu,2025-02-13,03:35:16,-08:00,2025-02-13T03:35:16-08:00,0,22
meta/main.js,61,js,ab91acbe,Zhenhan Hu,2025-02-13,03:35:16,-08:00,2025-02-13T03:35:16-08:00,0,50
meta/main.js,62,js,ab91acbe,Zhenhan Hu,2025-02-13,03:35:16,-08:00,2025-02-13T03:35:16-08:00,0,0
meta/main.js,63,js,ab91acbe,Zhenhan Hu,2025-02-13,03:35:16,-08:00,2025-02-13T03:35:16-08:00,0,12
meta/main.js,64,js,ab91acbe,Zhenhan Hu,2025-02-13,03:35:16,-08:00,2025-02-13T03:35:16-08:00,0,28
meta/main.js,65,js,ab91acbe,Zhenhan Hu,2025-02-13,03:35:16,-08:00,2025-02-13T03:35:16-08:00,0,35
meta/main.js,66,js,ab91acbe,Zhenhan Hu,2025-02-13,03:35:16,-08:00,2025-02-13T03:35:16-08:00,0,49
meta/main.js,67,js,ab91acbe,Zhenhan Hu,2025-02-13,03:35:16,-08:00,2025-02-13T03:35:16-08:00,0,43
meta/main.js,68,js,ab91acbe,Zhenhan Hu,2025-02-13,03:35:16,-08:00,2025-02-13T03:35:16-08:00,0,47
meta/main.js,69,js,ab91acbe,Zhenhan Hu,2025-02-13,03:35:16,-08:00,2025-02-13T03:35:16-08:00,0,51
meta/main.js,70,js,ab91acbe,Zhenhan Hu,2025-02-13,03:35:16,-08:00,2025-02-13T03:35:16-08:00,0,0
meta/main.js,71,js,ab91acbe,Zhenhan Hu,2025-02-13,03:35:16,-08:00,2025-02-13T03:35:16-08:00,0,31
meta/main.js,72,js,ab91acbe,Zhenhan Hu,2025-02-13,03:35:16,-08:00,2025-02-13T03:35:16-08:00,0,45
meta/main.js,73,js,ab91acbe,Zhenhan Hu,2025-02-13,03:35:16,-08:00,2025-02-13T03:35:16-08:00,0,29
meta/main.js,74,js,ab91acbe,Zhenhan Hu,2025-02-13,03:35:16,-08:00,2025-02-13T03:35:16-08:00,0,0
meta/main.js,75,js,ab91acbe,Zhenhan Hu,2025-02-13,03:35:16,-08:00,2025-02-13T03:35:16-08:00,0,48
meta/main.js,76,js,ab91acbe,Zhenhan Hu,2025-02-13,03:35:16,-08:00,2025-02-13T03:35:16-08:00,0,37
meta/main.js,77,js,ab91acbe,Zhenhan Hu,2025-02-13,03:35:16,-08:00,2025-02-13T03:35:16-08:00,0,29
meta/main.js,78,js,ab91acbe,Zhenhan Hu,2025-02-13,03:35:16,-08:00,2025-02-13T03:35:16-08:00,0,0
meta/main.js,79,js,ab91acbe,Zhenhan Hu,2025-02-13,03:35:16,-08:00,2025-02-13T03:35:16-08:00,0,48
meta/main.js,80,js,ab91acbe,Zhenhan Hu,2025-02-13,03:35:16,-08:00,2025-02-13T03:35:16-08:00,0,37
meta/main.js,81,js,ab91acbe,Zhenhan Hu,2025-02-13,03:35:16,-08:00,2025-02-13T03:35:16-08:00,0,29
meta/main.js,82,js,ab91acbe,Zhenhan Hu,2025-02-13,03:35:16,-08:00,2025-02-13T03:35:16-08:00,0,0
meta/main.js,83,js,ab91acbe,Zhenhan Hu,2025-02-13,03:35:16,-08:00,2025-02-13T03:35:16-08:00,0,30
meta/main.js,84,js,ab91acbe,Zhenhan Hu,2025-02-13,03:35:16,-08:00,2025-02-13T03:35:16-08:00,0,30
meta/main.js,85,js,ab91acbe,Zhenhan Hu,2025-02-13,03:35:16,-08:00,2025-02-13T03:35:16-08:00,0,30
meta/main.js,86,js,ab91acbe,Zhenhan Hu,2025-02-13,03:35:16,-08:00,2025-02-13T03:35:16-08:00,0,0
meta/main.js,87,js,ab91acbe,Zhenhan Hu,2025-02-13,03:35:16,-08:00,2025-02-13T03:35:16-08:00,0,0
meta/main.js,88,js,ab91acbe,Zhenhan Hu,2025-02-13,03:35:16,-08:00,2025-02-13T03:35:16-08:00,0,23
meta/main.js,89,js,ab91acbe,Zhenhan Hu,2025-02-13,03:35:16,-08:00,2025-02-13T03:35:16-08:00,0,32
meta/main.js,90,js,ab91acbe,Zhenhan Hu,2025-02-13,03:35:16,-08:00,2025-02-13T03:35:16-08:00,0,26
meta/main.js,91,js,ab91acbe,Zhenhan Hu,2025-02-13,03:35:16,-08:00,2025-02-13T03:35:16-08:00,0,30
meta/main.js,92,js,ab91acbe,Zhenhan Hu,2025-02-13,03:35:16,-08:00,2025-02-13T03:35:16-08:00,0,30
meta/main.js,93,js,ab91acbe,Zhenhan Hu,2025-02-13,03:35:16,-08:00,2025-02-13T03:35:16-08:00,0,36
meta/main.js,94,js,ab91acbe,Zhenhan Hu,2025-02-13,03:35:16,-08:00,2025-02-13T03:35:16-08:00,0,30
meta/main.js,95,js,ab91acbe,Zhenhan Hu,2025-02-13,03:35:16,-08:00,2025-02-13T03:35:16-08:00,0,0
meta/index.html,1,html,ab91acbe,Zhenhan Hu,2025-02-13,03:35:16,-08:00,2025-02-13T03:35:16-08:00,0,14
meta/index.html,2,html,ab91acbe,Zhenhan Hu,2025-02-13,03:35:16,-08:00,2025-02-13T03:35:16-08:00,0,15
meta/index.html,3,html,ab91acbe,Zhenhan Hu,2025-02-13,03:35:16,-08:00,2025-02-13T03:35:16-08:00,0,5
meta/index.html,4,html,ab91acbe,Zhenhan Hu,2025-02-13,03:35:16,-08:00,2025-02-13T03:35:16-08:00,0,21
meta/index.html,5,html,ab91acbe,Zhenhan Hu,2025-02-13,03:35:16,-08:00,2025-02-13T03:35:16-08:00,0,69
meta/index.html,6,html,ab91acbe,Zhenhan Hu,2025-02-13,03:35:16,-08:00,2025-02-13T03:35:16-08:00,0,18
meta/index.html,7,html,ab91acbe,Zhenhan Hu,2025-02-13,03:35:16,-08:00,2025-02-13T03:35:16-08:00,0,52
meta/index.html,8,html,ab91acbe,Zhenhan Hu,2025-02-13,03:35:16,-08:00,2025-02-13T03:35:16-08:00,0,42
meta/index.html,9,html,ab91acbe,Zhenhan Hu,2025-02-13,03:35:16,-08:00,2025-02-13T03:35:16-08:00,0,49
meta/index.html,10,html,ab91acbe,Zhenhan Hu,2025-02-13,03:35:16,-08:00,2025-02-13T03:35:16-08:00,0,6
meta/index.html,11,html,ab91acbe,Zhenhan Hu,2025-02-13,03:35:16,-08:00,2025-02-13T03:35:16-08:00,0,5
meta/index.html,12,html,ab91acbe,Zhenhan Hu,2025-02-13,03:35:16,-08:00,2025-02-13T03:35:16-08:00,0,15
meta/index.html,13,html,ab91acbe,Zhenhan Hu,2025-02-13,03:35:16,-08:00,2025-02-13T03:35:16-08:00,0,62
meta/index.html,14,html,ab91acbe,Zhenhan Hu,2025-02-13,03:35:16,-08:00,2025-02-13T03:35:16-08:00,0,30
meta/index.html,15,html,ab91acbe,Zhenhan Hu,2025-02-13,03:35:16,-08:00,2025-02-13T03:35:16-08:00,0,23
meta/index.html,16,html,ab91acbe,Zhenhan Hu,2025-02-13,03:35:16,-08:00,2025-02-13T03:35:16-08:00,0,24
meta/index.html,17,html,ab91acbe,Zhenhan Hu,2025-02-13,03:35:16,-08:00,2025-02-13T03:35:16-08:00,0,34
meta/index.html,18,html,ab91acbe,Zhenhan Hu,2025-02-13,03:35:16,-08:00,2025-02-13T03:35:16-08:00,0,5
meta/index.html,19,html,ab91acbe,Zhenhan Hu,2025-02-13,03:35:16,-08:00,2025-02-13T03:35:16-08:00,0,30
meta/index.html,20,html,ab91acbe,Zhenhan Hu,2025-02-13,03:35:16,-08:00,2025-02-13T03:35:16-08:00,0,6
meta/index.html,21,html,ab91acbe,Zhenhan Hu,2025-02-13,03:35:16,-08:00,2025-02-13T03:35:16-08:00,0,6
contact/index.html,1,html,a9c06406,Zhenhan Hu,2025-01-10,06:55:15,-08:00,2025-01-10T06:55:15-08:00,0,14
contact/index.html,2,html,a9c06406,Zhenhan Hu,2025-01-10,06:55:15,-08:00,2025-01-10T06:55:15-08:00,0,15
contact/index.html,3,html,a9c06406,Zhenhan Hu,2025-01-10,06:55:15,-08:00,2025-01-10T06:55:15-08:00,0,5
contact/index.html,4,html,a9c06406,Zhenhan Hu,2025-01-10,06:55:15,-08:00,2025-01-10T06:55:15-08:00,0,21
contact/index.html,5,html,a9c06406,Zhenhan Hu,2025-01-10,06:55:15,-08:00,2025-01-10T06:55:15-08:00,0,69
contact/index.html,6,html,a9c06406,Zhenhan Hu,2025-01-10,06:55:15,-08:00,2025-01-10T06:55:15-08:00,0,21
contact/index.html,7,html,201f5871,Zhenhan Hu,2025-01-18,16:23:25,-08:00,2025-01-18T16:23:25-08:00,0,42
contact/index.html,8,html,d6efd8c0,Zhenhan Hu,2025-01-24,22:22:45,-08:00,2025-01-24T22:22:45-08:00,0,49
contact/index.html,9,html,a9c06406,Zhenhan Hu,2025-01-10,06:55:15,-08:00,2025-01-10T06:55:15-08:00,0,6
contact/index.html,10,html,a9c06406,Zhenhan Hu,2025-01-10,06:55:15,-08:00,2025-01-10T06:55:15-08:00,0,5
contact/index.html,11,html,201f5871,Zhenhan Hu,2025-01-18,16:23:25,-08:00,2025-01-18T16:23:25-08:00,0,15
contact/index.html,12,html,201f5871,Zhenhan Hu,2025-01-18,16:23:25,-08:00,2025-01-18T16:23:25-08:00,0,28
contact/index.html,13,html,fb58ccb6,Zhenhan Hu,2025-01-18,17:41:55,-08:00,2025-01-18T17:41:55-08:00,0,0
contact/index.html,14,html,79a983c6,Zhenhan Hu,2025-01-25,01:03:41,-08:00,2025-01-25T01:03:41-08:00,0,37
contact/index.html,15,html,201f5871,Zhenhan Hu,2025-01-18,16:23:25,-08:00,2025-01-18T16:23:25-08:00,0,36
contact/index.html,16,html,201f5871,Zhenhan Hu,2025-01-18,16:23:25,-08:00,2025-01-18T16:23:25-08:00,0,46
contact/index.html,17,html,fb58ccb6,Zhenhan Hu,2025-01-18,17:41:55,-08:00,2025-01-18T17:41:55-08:00,0,0
contact/index.html,18,html,201f5871,Zhenhan Hu,2025-01-18,16:23:25,-08:00,2025-01-18T16:23:25-08:00,0,33
contact/index.html,19,html,201f5871,Zhenhan Hu,2025-01-18,16:23:25,-08:00,2025-01-18T16:23:25-08:00,0,42
contact/index.html,20,html,fb58ccb6,Zhenhan Hu,2025-01-18,17:41:55,-08:00,2025-01-18T17:41:55-08:00,0,0
contact/index.html,21,html,201f5871,Zhenhan Hu,2025-01-18,16:23:25,-08:00,2025-01-18T16:23:25-08:00,0,34
contact/index.html,22,html,5af8e2aa,Zhenhan Hu,2025-01-10,07:09:15,-08:00,2025-01-10T07:09:15-08:00,0,6
contact/index.html,23,html,fb58ccb6,Zhenhan Hu,2025-01-18,17:41:55,-08:00,2025-01-18T17:41:55-08:00,0,0
contact/index.html,24,html,a9c06406,Zhenhan Hu,2025-01-10,06:55:15,-08:00,2025-01-10T06:55:15-08:00,0,6
contact/index.html,25,html,a9c06406,Zhenhan Hu,2025-01-10,06:55:15,-08:00,2025-01-10T06:55:15-08:00,0,6
